Model,Survival_Time,Reaction_Time,Run_Dir,Error
go0-avoid100,9.491133451461792,0.1175349235534668,runs2\00000,False
go25-avoid75,42.69647812843323,0.1575417915980021,runs2\00001,False
go50-avoid50,14.716090440750122,0.1524630308151245,runs2\00002,False
go75-avoid25,18.29721212387085,0.1440484353474208,runs2\00003,False
go100-avoid0,55.70914340019226,0.1608781205846908,runs2\00004,False
go0-avoid100,74.97788119316101,0.1897699832916259,runs2\00005,False
go25-avoid75,18.60095262527465,0.1507663215909685,runs2\00006,False
go50-avoid50,51.17112112045288,0.1561117009683088,runs2\00007,True
go75-avoid25,78.09889197349548,0.1550151326439597,runs2\00008,False
go100-avoid0,28.361494779586792,0.1535324221071989,runs2\00009,False
go0-avoid100,85.44909811019897,0.1563911995330414,runs2\00010,False
go25-avoid75,27.95204401016236,0.1492388455764107,runs2\00011,False
go50-avoid50,109.4302990436554,0.1599197995905973,runs2\00012,False
go75-avoid25,22.038753271102905,0.1525646237766041,runs2\00013,False
go100-avoid0,78.92887258529663,0.16262904457424,runs2\00014,False
go0-avoid100,169.63966751098633,0.1645434581680803,runs2\00015,False
go25-avoid75,32.06259059906006,0.1568299807035006,runs2\00016,False
go50-avoid50,72.70010638237,0.1594158113002777,runs2\00017,False
go75-avoid25,38.08138966560364,0.1717041810353597,runs2\00018,False
go100-avoid0,5.6258533000946045,0.14201021194458,runs2\00019,False
go0-avoid100,11.357964038848875,0.142087629863194,runs2\00020,False
go25-avoid75,51.36256170272827,0.1626125823619753,runs2\00021,False
go50-avoid50,68.19417715072632,0.1599381172050864,runs2\00022,True
go75-avoid25,13.401417255401611,0.1429969668388366,runs2\00023,False
go100-avoid0,5.497799873352051,0.1396410465240478,runs2\00024,False
go0-avoid100,19.62683415412903,0.1468865394592285,runs2\00025,False
go25-avoid75,44.38626527786255,0.1560501801340203,runs2\00026,False
go50-avoid50,110.11881494522096,0.1564715510666972,runs2\00027,False
go75-avoid25,37.29316425323486,0.1497600302100181,runs2\00028,False
go100-avoid0,13.3106427192688,0.1426981025271945,runs2\00029,False
go0-avoid100,6.578731298446655,0.1484392881393432,runs2\00030,False
go25-avoid75,5.503452777862549,0.1416609287261963,runs2\00031,False
go50-avoid50,36.64091849327088,0.1529997164203274,runs2\00032,False
go75-avoid25,96.8733925819397,0.16033903110859,runs2\00033,False
go100-avoid0,41.58501386642456,0.1524664693408542,runs2\00034,False
go0-avoid100,10.1987202167511,0.1428619623184204,runs2\00035,False
go25-avoid75,33.86109733581543,0.1495581495350804,runs2\00036,False
go50-avoid50,147.7555866241455,0.1593399047851562,runs2\00037,False
go75-avoid25,58.68705010414124,0.1539620527854332,runs2\00038,False
go100-avoid0,20.135246515274048,0.1519284089406331,runs2\00039,False
go0-avoid100,60.89596796035767,0.1555368029154264,runs2\00040,False
go25-avoid75,13.452927827835085,0.1440805859035915,runs2\00041,False
go50-avoid50,70.5360369682312,0.1567466297457295,runs2\00042,False
go75-avoid25,85.93074297904968,0.1596660927722328,runs2\00043,False
go100-avoid0,21.90274739265442,0.1543580784517176,runs2\00044,False
go0-avoid100,85.02587056159973,0.1546572335561116,runs2\00045,False
go25-avoid75,24.9694983959198,0.1533422112464904,runs2\00046,False
go50-avoid50,27.07326006889344,0.1510297493501143,runs2\00047,False
go75-avoid25,28.702992916107178,0.1648007739673961,runs2\00048,False
go100-avoid0,22.31130313873291,0.1631117165088653,runs2\00049,False
go0-avoid100,14.250061988830566,0.1418280363082885,runs2\00050,False
go25-avoid75,29.52571272850037,0.1540132860342661,runs2\00051,False
go50-avoid50,49.94602274894714,0.1523186347701332,runs2\00052,False
go75-avoid25,24.11076259613037,0.1528444290161132,runs2\00053,False
go100-avoid0,84.67578721046448,0.158329963684082,runs2\00054,False
go0-avoid100,42.65166258811951,0.1530677563435322,runs2\00055,False
go25-avoid75,24.6105477809906,0.1490809798240661,runs2\00056,False
go50-avoid50,45.13458847999573,0.156167128147223,runs2\00057,True
go75-avoid25,44.87679219245911,0.142192781910531,runs2\00058,False
go100-avoid0,17.35105538368225,0.1448726359213338,runs2\00059,False
go0-avoid100,26.65854001045227,0.1459481216327625,runs2\00060,False
go25-avoid75,110.65492582321168,0.1468406946796414,runs2\00061,False
go50-avoid50,70.61017537117004,0.1679067701423675,runs2\00062,False
go75-avoid25,63.28015685081482,0.1623211137562487,runs2\00063,False
go100-avoid0,36.222251176834106,0.1592083003698348,runs2\00064,False
go0-avoid100,5.524341821670532,0.1482752270909838,runs2\00065,False
go25-avoid75,11.152833938598633,0.1433828012810074,runs2\00066,False
go50-avoid50,27.650769233703613,0.1557893790610485,runs2\00067,False
go75-avoid25,17.143167734146118,0.1584054695685566,runs2\00068,False
go100-avoid0,73.89613080024719,0.1598574187882358,runs2\00069,False
go0-avoid100,44.75899314880371,0.1602772620335907,runs2\00070,False
go25-avoid75,5.584837198257446,0.1502018857020449,runs2\00071,False
go50-avoid50,20.349318742752075,0.1530674037613674,runs2\00072,False
go75-avoid25,27.58711242675781,0.1539786875699495,runs2\00073,False
go100-avoid0,31.227829456329346,0.1600557835452784,runs2\00074,False
go0-avoid100,15.921256303787231,0.1447208663116084,runs2\00075,False
go25-avoid75,6.758834838867188,0.1474667050218354,runs2\00076,False
go50-avoid50,30.586981773376465,0.15948905306868,runs2\00077,False
go75-avoid25,64.39756059646606,0.1589828190342772,runs2\00078,False
go100-avoid0,10.16927409172058,0.1424099366938842,runs2\00079,True
go0-avoid100,22.40197920799256,0.1605546359774904,runs2\00080,False
go25-avoid75,27.20513701438904,0.1581279702046169,runs2\00081,False
go50-avoid50,12.571013927459717,0.1554634972792515,runs2\00082,False
go75-avoid25,59.74579334259033,0.1558876413046632,runs2\00083,False
go100-avoid0,44.75038003921509,0.1634630988421319,runs2\00084,False
go0-avoid100,287.25326204299927,0.1631111478406934,runs2\00085,False
go25-avoid75,6.7108917236328125,0.1459615692845351,runs2\00086,False
go50-avoid50,5.557606220245361,0.1490612923602164,runs2\00087,False
go75-avoid25,31.632481813430783,0.155206931086824,runs2\00088,False
go100-avoid0,14.654205799102783,0.1565321288932958,runs2\00089,False
go0-avoid100,16.347838640213013,0.1501349482990977,runs2\00090,False
go25-avoid75,57.86675405502319,0.1579878813488848,runs2\00091,False
go50-avoid50,14.81112575531006,0.1521578159762349,runs2\00092,False
go75-avoid25,24.08357810974121,0.1577029145208915,runs2\00093,False
go100-avoid0,31.65538263320923,0.1623800975697375,runs2\00094,False
go0-avoid100,12.385117292404177,0.1426382184544786,runs2\00095,False
go25-avoid75,18.963558673858643,0.154447561539922,runs2\00096,False
go50-avoid50,10.65669560432434,0.1566006081568973,runs2\00097,True
go75-avoid25,22.10515689849853,0.1561198700504661,runs2\00098,False
go100-avoid0,14.232742547988892,0.1496634572092524,runs2\00099,False
go0-avoid100,58.60417437553406,0.1598824628633814,runs2\00100,False
go25-avoid75,25.7500388622284,0.1797881031778491,runs2\00101,False
go50-avoid50,28.056177139282227,0.1546379727011279,runs2\00102,False
go75-avoid25,43.03605437278748,0.1580654114454218,runs2\00103,False
go100-avoid0,36.83586239814758,0.1549329092438319,runs2\00104,False
go0-avoid100,54.71832942962647,0.1584742731616433,runs2\00105,False
go25-avoid75,6.575548887252808,0.1527915429050708,runs2\00106,False
go50-avoid50,10.125051975250244,0.1436913171337021,runs2\00107,True
go75-avoid25,39.403265953063965,0.1572488380282199,runs2\00108,False
go100-avoid0,17.759104013442993,0.1616158549414867,runs2\00109,False
go0-avoid100,9.26859974861145,0.1446002194167481,runs2\00110,False
go25-avoid75,220.43240094184875,0.1646565750051278,runs2\00111,False
go50-avoid50,24.48791241645813,0.1559731752722023,runs2\00112,False
go75-avoid25,23.557886123657227,0.1502377907835437,runs2\00113,False
go100-avoid0,34.90598654747009,0.1579262415919577,runs2\00114,False
go0-avoid100,139.2532742023468,0.1651482684137705,runs2\00115,False
go25-avoid75,16.164257526397705,0.1627652063654388,runs2\00116,False
go50-avoid50,26.8030219078064,0.1646124399848626,runs2\00117,True
go75-avoid25,61.71597146987915,0.1603217185807318,runs2\00118,False
go100-avoid0,46.14813852310181,0.155810626426237,runs2\00119,False
go0-avoid100,29.446948289871216,0.1558276349943034,runs2\00120,False
go25-avoid75,12.274201154708862,0.1487201862401463,runs2\00121,False
go50-avoid50,7.971544742584228,0.1424032372409131,runs2\00122,False
go75-avoid25,30.241667985916138,0.1545259318530203,runs2\00123,False
go100-avoid0,41.666956663131714,0.1594903082919063,runs2\00124,False
go0-avoid100,68.00802612304688,0.1574246310394836,runs2\00125,False
go25-avoid75,27.052735567092896,0.1549542855140796,runs2\00126,False
go50-avoid50,14.489441394805908,0.1518483010077968,runs2\00127,False
go75-avoid25,25.05988359451294,0.1539749664566777,runs2\00128,False
go100-avoid0,19.61866784095764,0.1509354967583122,runs2\00129,False
go0-avoid100,18.89367127418518,0.1595500423363041,runs2\00130,False
go25-avoid75,7.0999932289123535,0.179780154937193,runs2\00131,False
go50-avoid50,49.55770373344421,0.1638989182458498,runs2\00132,False
go75-avoid25,95.38599610328674,0.1608689541683946,runs2\00133,False
go100-avoid0,27.815184831619263,0.1611461782900196,runs2\00134,False
go0-avoid100,75.20680642127991,0.1676477443138797,runs2\00135,False
go25-avoid75,43.00162863731384,0.1620755283051462,runs2\00136,False
go50-avoid50,98.79346966743468,0.1606481244756745,runs2\00137,False
go75-avoid25,15.200869798660278,0.1553463303668562,runs2\00138,False
go100-avoid0,16.73141646385193,0.1543790569402238,runs2\00139,False
go0-avoid100,17.78607416152954,0.1528469114837937,runs2\00140,False
go25-avoid75,66.6136703491211,0.1725935436831636,runs2\00141,False
go50-avoid50,55.84065508842468,0.1603961006828716,runs2\00142,True
go75-avoid25,72.27169823646545,0.1620339147938732,runs2\00143,False
go100-avoid0,27.58676695823669,0.1568438935512741,runs2\00144,False
go0-avoid100,37.61938619613648,0.1560414831751181,runs2\00145,False
go25-avoid75,42.14949870109558,0.1565301043686943,runs2\00146,False
go50-avoid50,84.70451068878174,0.1602381885927361,runs2\00147,False
go75-avoid25,15.414398908615112,0.1442134032493319,runs2\00148,False
go100-avoid0,11.268610000610352,0.1505705754573424,runs2\00149,False
go0-avoid100,74.04471564292908,0.1618343805211045,runs2\00150,False
go25-avoid75,8.249691724777222,0.1460290186113061,runs2\00151,False
go50-avoid50,17.50275707244873,0.1514450286864044,runs2\00152,False
go75-avoid25,13.539430379867554,0.1517109172523894,runs2\00153,False
go100-avoid0,83.87652516365051,0.1598377842254376,runs2\00154,False
go0-avoid100,144.78582239151,0.1632307109311533,runs2\00155,False
go25-avoid75,35.510563135147095,0.1568403191738448,runs2\00156,False
go50-avoid50,55.72009348869324,0.158897639977609,runs2\00157,True
go75-avoid25,99.36478161811829,0.1627151974897689,runs2\00158,False
go100-avoid0,6.547245502471924,0.1447434893729452,runs2\00159,False
go0-avoid100,20.260395526885983,0.1588295671752375,runs2\00160,False
go25-avoid75,5.502779960632324,0.1394010580324136,runs2\00161,False
go50-avoid50,55.41071796417236,0.1589123573575082,runs2\00162,False
go75-avoid25,158.41735696792605,0.1602652423592252,runs2\00163,False
go100-avoid0,79.90622854232788,0.1607510645926379,runs2\00164,False
go0-avoid100,17.154754877090454,0.1510632288711785,runs2\00165,False
go25-avoid75,16.864986896514893,0.1579975751501349,runs2\00166,False
go50-avoid50,5.598697185516357,0.1457642051269081,runs2\00167,False
go75-avoid25,50.356261014938354,0.1578905492357722,runs2\00168,False
go100-avoid0,19.48943829536438,0.1624114737986991,runs2\00169,False
go0-avoid100,161.67024326324463,0.1627406197335889,runs2\00170,False
go25-avoid75,14.52614140510559,0.1434771632722177,runs2\00171,False
go50-avoid50,25.567156076431274,0.1572107832504532,runs2\00172,False
go75-avoid25,71.9277572631836,0.1579832000187428,runs2\00173,False
go100-avoid0,6.607842445373535,0.1472791889031301,runs2\00174,False
go0-avoid100,53.39212155342102,0.1599816878411467,runs2\00175,False
go25-avoid75,34.4344494342804,0.1569604079613219,runs2\00176,False
go50-avoid50,46.19256258010864,0.1581081172039896,runs2\00177,True
go75-avoid25,65.03184366226196,0.1594822941306841,runs2\00178,False
go100-avoid0,60.19027328491211,0.1590416131511325,runs2\00179,False
go0-avoid100,14.04220414161682,0.1460273633405061,runs2\00180,False
go25-avoid75,34.432937145233154,0.1568157618807679,runs2\00181,False
go50-avoid50,15.167619705200195,0.1467547500017765,runs2\00182,True
go75-avoid25,64.90334582328796,0.162497053845891,runs2\00183,False
go100-avoid0,24.260581016540527,0.1613380157060002,runs2\00184,False
go0-avoid100,18.50407242774964,0.1506525340781462,runs2\00185,False
go25-avoid75,9.365984201431274,0.1423351956845721,runs2\00186,False
go50-avoid50,70.63994264602661,0.1612029958296035,runs2\00187,False
go75-avoid25,17.517757654190063,0.1441317043940436,runs2\00188,False
go100-avoid0,20.384382963180546,0.1571859254950594,runs2\00189,False
go0-avoid100,15.239577770233154,0.1436861297723746,runs2\00190,False
go25-avoid75,25.45498728752136,0.1503949434325568,runs2\00191,False
go50-avoid50,61.48987674713135,0.1577837005017332,runs2\00192,True
go75-avoid25,58.52968859672546,0.1577344589740097,runs2\00193,False
go100-avoid0,15.688255548477173,0.1537275174578766,runs2\00194,False
go0-avoid100,35.020546436309814,0.1611956836757684,runs2\00195,False
go25-avoid75,26.2919819355011,0.1540587896827357,runs2\00196,False
go50-avoid50,60.22444033622742,0.1613170427697772,runs2\00197,False
go75-avoid25,30.003422498703003,0.158540619761074,runs2\00198,False
go100-avoid0,34.52511525154114,0.1554174862905355,runs2\00199,False
go0-avoid100,24.402727127075195,0.1493153378215561,runs2\00200,False
go25-avoid75,42.690553188323975,0.1590880906100815,runs2\00201,False
go50-avoid50,10.183857679367064,0.144519304984494,runs2\00202,False
go75-avoid25,83.2368152141571,0.1582456567645696,runs2\00203,False
go100-avoid0,74.16685009002686,0.1610254205523492,runs2\00204,False
go0-avoid100,40.23302388191223,0.157567005572011,runs2\00205,False
go25-avoid75,55.61896753311157,0.1578935133571362,runs2\00206,False
go50-avoid50,52.39638066291809,0.1758746838144264,runs2\00207,False
go75-avoid25,13.690374374389648,0.1513133940523366,runs2\00208,False
go100-avoid0,16.298620223999023,0.1459041314926488,runs2\00209,False
go0-avoid100,23.03520560264588,0.1554357389351428,runs2\00210,False
go25-avoid75,12.703807353973389,0.1627465581116515,runs2\00211,False
go50-avoid50,14.656404733657835,0.1513404694850936,runs2\00212,False
go75-avoid25,150.72941732406616,0.1637490288413994,runs2\00213,False
go100-avoid0,28.52641606330872,0.1568577325042536,runs2\00214,False
go0-avoid100,9.243852615356444,0.1415075972783145,runs2\00215,False
go25-avoid75,24.15504550933838,0.1583664961333371,runs2\00216,False
go50-avoid50,38.399144887924194,0.1546432708348585,runs2\00217,False
go75-avoid25,70.08300614356995,0.1694474152298213,runs2\00218,False
go100-avoid0,26.60478186607361,0.1588477558606491,runs2\00219,False
go0-avoid100,162.99426555633545,0.1622477613904727,runs2\00220,False
go25-avoid75,41.8663330078125,0.1623064880319135,runs2\00221,False
go50-avoid50,39.57788872718811,0.1618165198332781,runs2\00222,False
go75-avoid25,21.69595217704773,0.1624249118378839,runs2\00223,False
go100-avoid0,24.89911413192749,0.154311291608471,runs2\00224,False
go0-avoid100,33.31943702697754,0.1642948107445471,runs2\00225,False
go25-avoid75,68.57097029685974,0.1619464347430816,runs2\00226,False
go50-avoid50,52.64900732040405,0.1672015152124167,runs2\00227,False
go75-avoid25,29.008214473724365,0.1557272607766839,runs2\00228,False
go100-avoid0,10.935850858688354,0.1602362922000995,runs2\00229,False
go0-avoid100,23.02668833732605,0.1609940439428493,runs2\00230,False
go25-avoid75,8.206501483917236,0.1442272898594678,runs2\00231,False
go50-avoid50,40.782845973968506,0.1611221063082893,runs2\00232,False
go75-avoid25,12.4973247051239,0.1467868800261974,runs2\00233,False
go100-avoid0,10.434782028198242,0.1453826979883817,runs2\00234,False
go0-avoid100,78.32742404937744,0.1631012215680105,runs2\00235,False
go25-avoid75,14.321893453598022,0.1654876684054907,runs2\00236,False
go50-avoid50,29.75914478302002,0.160057577775616,runs2\00237,False
go75-avoid25,18.30254817008972,0.1641165874728588,runs2\00238,False
go100-avoid0,48.61384344100952,0.1675970333638614,runs2\00239,False
go0-avoid100,202.83725953102112,0.1697565613991729,runs2\00240,False
go25-avoid75,15.987672090530396,0.1594481106503692,runs2\00241,False
go50-avoid50,89.19056487083435,0.1639208440915426,runs2\00242,False
go75-avoid25,45.68056559562683,0.1659750831996142,runs2\00243,False
go100-avoid0,31.731929540634155,0.1612898507806093,runs2\00244,False
go0-avoid100,215.4663927555084,0.169145647212771,runs2\00245,False
go25-avoid75,6.673816919326782,0.1438484664745094,runs2\00246,False
go50-avoid50,24.47323155403137,0.1713322703226456,runs2\00247,False
go75-avoid25,28.698325872421265,0.1615651827516401,runs2\00248,False
go100-avoid0,25.48126769065857,0.1682075177965943,runs2\00249,False
go0-avoid100,24.897864818573,0.1557320874549422,runs2\00250,False
go25-avoid75,37.38575029373169,0.1638192693102143,runs2\00251,False
go50-avoid50,8.633567333221436,0.1603489713339607,runs2\00252,False
go75-avoid25,19.57718801498413,0.165068308075042,runs2\00253,False
go100-avoid0,13.749434232711792,0.1641519152190146,runs2\00254,False
go0-avoid100,17.248899459838867,0.1593267784860741,runs2\00255,False
go25-avoid75,21.249420642852783,0.1628133850859279,runs2\00256,False
go50-avoid50,25.522469758987427,0.1581148545362738,runs2\00257,False
go75-avoid25,26.780803442001343,0.1641849939182624,runs2\00258,False
go100-avoid0,58.4938280582428,0.1663788523776841,runs2\00259,False
go0-avoid100,20.85773730278015,0.1671070623255122,runs2\00260,False
go25-avoid75,32.69989323616028,0.1687936993014621,runs2\00261,False
go50-avoid50,10.888050079345703,0.1552221913715578,runs2\00262,False
go75-avoid25,24.755210161209103,0.1614782348772248,runs2\00263,False
go100-avoid0,18.52116131782532,0.1657340032295301,runs2\00264,False
go0-avoid100,70.25387716293335,0.170268083754555,runs2\00265,False
go25-avoid75,28.910332202911377,0.1719342217996643,runs2\00266,False
go50-avoid50,20.770529985427856,0.1692501114227546,runs2\00267,False
go75-avoid25,19.26141667366028,0.1749752166839883,runs2\00268,False
go100-avoid0,28.890097618103027,0.1656498629654398,runs2\00269,False
go0-avoid100,96.1843364238739,0.16770732345745,runs2\00270,False
go25-avoid75,21.40445804595948,0.164606695020042,runs2\00271,False
go50-avoid50,29.49024224281311,0.1643546800058458,runs2\00272,False
go75-avoid25,36.17900466918945,0.1685133251091849,runs2\00273,False
go100-avoid0,48.44887089729309,0.1660568673640171,runs2\00274,False
go0-avoid100,29.19342017173767,0.1718223123895084,runs2\00275,False
go25-avoid75,54.46894216537476,0.1724823171645097,runs2\00276,False
go50-avoid50,6.87136697769165,0.1671944020671666,runs2\00277,False
go75-avoid25,8.85294485092163,0.17630179289202,runs2\00278,False
go100-avoid0,57.19001770019531,0.1708048317462465,runs2\00279,False
go0-avoid100,138.12570691108704,0.172612276228292,runs2\00280,False
go25-avoid75,6.937240123748779,0.1824363749988535,runs2\00281,False
go50-avoid50,11.784997940063477,0.1626238931215134,runs2\00282,False
go75-avoid25,65.48921203613281,0.1712588625894384,runs2\00283,False
go100-avoid0,13.894731760025024,0.1628883498720789,runs2\00284,False
go0-avoid100,9.695769786834717,0.1574096364868226,runs2\00285,False
go25-avoid75,23.45286512374878,0.1706910173201558,runs2\00286,False
go50-avoid50,9.688536167144775,0.158371369158856,runs2\00287,False
go75-avoid25,44.22433471679688,0.1741564490366969,runs2\00288,False
go100-avoid0,48.79198241233826,0.1701266724100172,runs2\00289,False
go0-avoid100,19.64129757881165,0.1709272228492884,runs2\00290,False
go25-avoid75,33.236918926239014,0.172106241062367,runs2\00291,False
go50-avoid50,9.925804615020752,0.1555778669099393,runs2\00292,False
go75-avoid25,47.85840058326721,0.1721751156699671,runs2\00293,False
go100-avoid0,9.589325904846191,0.1605077422514789,runs2\00294,False
go0-avoid100,13.945467948913574,0.1646950591728118,runs2\00295,False
go25-avoid75,28.16427659988404,0.1748792701278774,runs2\00296,False
go50-avoid50,47.37197375297546,0.1766260911269863,runs2\00297,True
go75-avoid25,1.7085111141204834,0.0,runs2\00298,True
go100-avoid0,26.31266713142395,0.1664623989238486,runs2\00299,False
go0-avoid100,25.0765917301178,0.1565504591867897,runs2\00300,False
go25-avoid75,22.11268281936645,0.1562138072854182,runs2\00301,False
go50-avoid50,25.468684911727905,0.1555208972260847,runs2\00302,True
go75-avoid25,42.230090618133545,0.1704966031051795,runs2\00303,False
go100-avoid0,30.333127737045288,0.1539048419425612,runs2\00304,False
go0-avoid100,39.571812868118286,0.1558374892008318,runs2\00305,False
go25-avoid75,52.75194501876831,0.1579061401289113,runs2\00306,False
go50-avoid50,40.3055260181427,0.1544496219648043,runs2\00307,False
go75-avoid25,59.167402267456055,0.1600357675954073,runs2\00308,False
go100-avoid0,51.40966773033142,0.1626915136121746,runs2\00309,False
go0-avoid100,44.79990577697754,0.1555426080875336,runs2\00310,False
go25-avoid75,22.9730920791626,0.1559915455940569,runs2\00311,False
go50-avoid50,10.236612796783447,0.1446985957260966,runs2\00312,False
go75-avoid25,11.213443994522097,0.1448638572828069,runs2\00313,False
go100-avoid0,5.535290002822876,0.1506143494314269,runs2\00314,False
go0-avoid100,22.256916761398315,0.1503701788756815,runs2\00315,False
go25-avoid75,73.12721538543701,0.1597499125919353,runs2\00316,False
go50-avoid50,157.85476636886597,0.1614281259028801,runs2\00317,False
go75-avoid25,33.91164946556091,0.1611313421740375,runs2\00318,True
go100-avoid0,56.29785799980164,0.1644588206654513,runs2\00319,False
go0-avoid100,28.1860785484314,0.1574100861318655,runs2\00320,False
go25-avoid75,110.99899077415466,0.1640949810676761,runs2\00321,False
go50-avoid50,71.56482362747192,0.1596160282586584,runs2\00322,False
go75-avoid25,37.00066828727722,0.1565373124109923,runs2\00323,False
go100-avoid0,34.126168966293335,0.1569020365181064,runs2\00324,False
go0-avoid100,13.53356432914734,0.1420430714349793,runs2\00325,False
go25-avoid75,38.40054607391357,0.162329430275716,runs2\00326,False
go50-avoid50,21.690540075302124,0.160648872348514,runs2\00327,False
go75-avoid25,114.76675295829772,0.1680824239135055,runs2\00328,False
go100-avoid0,42.3827908039093,0.1604965709061526,runs2\00329,False
go0-avoid100,13.92722487449646,0.149723619143529,runs2\00330,False
go25-avoid75,6.74000358581543,0.1473653771763812,runs2\00331,False
go50-avoid50,47.446572065353394,0.1612212037097492,runs2\00332,True
go75-avoid25,58.552833557128906,0.1641872789032689,runs2\00333,False
go100-avoid0,27.5581157207489,0.1598957270855113,runs2\00334,False
go0-avoid100,11.213823795318604,0.1421445575374369,runs2\00335,False
go25-avoid75,9.108847618103027,0.1394330222690352,runs2\00336,False
go50-avoid50,69.09831070899963,0.1626537874791683,runs2\00337,False
go75-avoid25,103.8429398536682,0.1643584090166986,runs2\00338,False
go100-avoid0,17.25137734413147,0.1489600653871426,runs2\00339,False
go0-avoid100,24.88666272163391,0.1561309259550503,runs2\00340,False
go25-avoid75,204.75867319107056,0.1643794932808189,runs2\00341,False
go50-avoid50,15.327150821685793,0.1464498776900701,runs2\00342,True
go75-avoid25,24.945363521575928,0.162443782563229,runs2\00343,False
go100-avoid0,6.564915418624878,0.1472032526236544,runs2\00344,False
go0-avoid100,62.38342213630676,0.1661859764124088,runs2\00345,False
go25-avoid75,51.290679693222046,0.1598833817211091,runs2\00346,False
go50-avoid50,38.06092381477356,0.1561701397968453,runs2\00347,False
go75-avoid25,31.04402327537537,0.1617258484046232,runs2\00348,False
go100-avoid0,20.9482364654541,0.1514446193694357,runs2\00349,False
go0-avoid100,125.99135732650755,0.1629771222402024,runs2\00350,False
go25-avoid75,16.71727466583252,0.1514929804124908,runs2\00351,False
go50-avoid50,43.00109028816223,0.1600603880396026,runs2\00352,False
go75-avoid25,93.04870796203612,0.1634488718034151,runs2\00353,False
go100-avoid0,11.433963775634766,0.1466963762797901,runs2\00354,False
go0-avoid100,45.58385491371155,0.1599246497596068,runs2\00355,False
go25-avoid75,66.25861620903015,0.16211554642397,runs2\00356,False
go50-avoid50,38.70397400856018,0.1589491680413944,runs2\00357,True
go75-avoid25,47.165262937545776,0.1691076452069097,runs2\00358,False
go100-avoid0,21.24642848968506,0.1615163880966777,runs2\00359,False
go0-avoid100,85.06610345840454,0.1629863601001071,runs2\00360,False
go25-avoid75,93.9177918434143,0.1689166884113596,runs2\00361,False
go50-avoid50,25.01286721229553,0.1596159098088408,runs2\00362,False
go75-avoid25,9.03731393814087,0.1391395290568598,runs2\00363,False
go100-avoid0,25.208396434783936,0.158790554924816,runs2\00364,False
go0-avoid100,9.548852682113647,0.1477285566511881,runs2\00365,False
go25-avoid75,15.06196117401123,0.1693956920982115,runs2\00366,False
go50-avoid50,31.15017509460449,0.1529102266627827,runs2\00367,False
go75-avoid25,40.21703696250916,0.1634862373401831,runs2\00368,False
go100-avoid0,20.75786018371582,0.1538241409482775,runs2\00369,False
go0-avoid100,17.965525150299072,0.1573561217234793,runs2\00370,False
go25-avoid75,24.5514657497406,0.1604918596223574,runs2\00371,False
go50-avoid50,34.53174638748169,0.1613080954843317,runs2\00372,False
go75-avoid25,22.016335010528564,0.1553551358109829,runs2\00373,False
go100-avoid0,21.922112703323364,0.1540510704077409,runs2\00374,False
go0-avoid100,35.92916703224182,0.1587376859522334,runs2\00375,False
go25-avoid75,86.68718838691711,0.1636293284728584,runs2\00376,False
go50-avoid50,31.376861095428467,0.161731999603718,runs2\00377,False
go75-avoid25,30.844269275665283,0.1577004369598048,runs2\00378,False
go100-avoid0,39.42149829864502,0.1591323042850996,runs2\00379,False
go0-avoid100,21.22715854644776,0.1642814473949919,runs2\00380,False
go25-avoid75,27.935017824172974,0.1577610247601411,runs2\00381,False
go50-avoid50,51.5561044216156,0.1633713533378237,runs2\00382,False
go75-avoid25,41.63632655143738,0.1562201867154243,runs2\00383,False
go100-avoid0,27.74736523628235,0.1599729963760443,runs2\00384,False
go0-avoid100,47.98398232460022,0.160320121064818,runs2\00385,False
go25-avoid75,27.851807355880737,0.1611859400048816,runs2\00386,False
go50-avoid50,44.12748456001282,0.164527933725923,runs2\00387,False
go75-avoid25,78.17143392562866,0.1686281919220387,runs2\00388,False
go100-avoid0,24.684972286224365,0.160081679301121,runs2\00389,False
go0-avoid100,16.02479338645935,0.1520700285745215,runs2\00390,False
go25-avoid75,11.608412742614746,0.1673826591609629,runs2\00391,False
go50-avoid50,10.422292709350586,0.1451659357996755,runs2\00392,False
go75-avoid25,11.414904594421388,0.145946141238128,runs2\00393,False
go100-avoid0,44.86651873588562,0.1606089210909125,runs2\00394,False
go0-avoid100,165.81937956809998,0.1656112532701111,runs2\00395,False
go25-avoid75,24.218031406402588,0.1605897241697547,runs2\00396,False
go50-avoid50,17.435827016830444,0.1639201305800505,runs2\00397,True
go75-avoid25,49.9064531326294,0.164754129733618,runs2\00398,False
go100-avoid0,68.0812656879425,0.1625112744902702,runs2\00399,False
go0-avoid100,25.161608457565308,0.1576851885154293,runs2\00400,False
go25-avoid75,41.08616209030152,0.1596848917725017,runs2\00401,False
go50-avoid50,49.98357272148132,0.1600118311552765,runs2\00402,False
go75-avoid25,38.674174785614014,0.1686491296570861,runs2\00403,False
go100-avoid0,12.648712635040283,0.1583665113378378,runs2\00404,False
go0-avoid100,41.14831280708313,0.1584942091207988,runs2\00405,False
go25-avoid75,21.00990915298462,0.1579272648335254,runs2\00406,False
go50-avoid50,28.399120330810547,0.1579063906637751,runs2\00407,True
go75-avoid25,28.50095224380493,0.1700637136304507,runs2\00408,False
go100-avoid0,18.24898648262024,0.1677195886082064,runs2\00409,False
go0-avoid100,30.8086166381836,0.1618588287459837,runs2\00410,False
go25-avoid75,28.291481494903564,0.1539536388466838,runs2\00411,False
go50-avoid50,15.604804039001465,0.1553254636529962,runs2\00412,False
go75-avoid25,29.5304172039032,0.1573239797367195,runs2\00413,False
go100-avoid0,20.85278511047364,0.1567014804891698,runs2\00414,False
go0-avoid100,60.884589195251465,0.1620251230112285,runs2\00415,False
go25-avoid75,49.24224185943604,0.1590796422557588,runs2\00416,False
go50-avoid50,24.05539584159851,0.1576767637686443,runs2\00417,True
go75-avoid25,47.477837324142456,0.1684944317955648,runs2\00418,False
go100-avoid0,37.81030750274658,0.1615753506253139,runs2\00419,False
go0-avoid100,91.70438814163208,0.1643840275002804,runs2\00420,False
go25-avoid75,10.319976329803469,0.1438482362690276,runs2\00421,False
go50-avoid50,13.150197744369509,0.1422386541209709,runs2\00422,False
go75-avoid25,8.556695222854614,0.1425364257191955,runs2\00423,False
go100-avoid0,33.127522230148315,0.1551505782710766,runs2\00424,False
go0-avoid100,61.02629351615906,0.1580779479034434,runs2\00425,False
go25-avoid75,12.258216619491575,0.1475524121856787,runs2\00426,False
go50-avoid50,106.5856442451477,0.1623237859027737,runs2\00427,False
go75-avoid25,95.41531467437744,0.1660644269951145,runs2\00428,False
go100-avoid0,13.245868682861328,0.1453302804745733,runs2\00429,False
go0-avoid100,83.04229187965393,0.1593012438832669,runs2\00430,False
go25-avoid75,9.32859992980957,0.1426977349034461,runs2\00431,False
go50-avoid50,9.173714637756348,0.1393649299364622,runs2\00432,False
go75-avoid25,26.35168981552124,0.1628336715360605,runs2\00433,False
go100-avoid0,20.579535007476807,0.1533784621459857,runs2\00434,False
go0-avoid100,18.32011103630066,0.1459373301760549,runs2\00435,False
go25-avoid75,27.58820652961731,0.1626327505747708,runs2\00436,False
go50-avoid50,58.815382957458496,0.165132397798391,runs2\00437,False
go75-avoid25,75.03126692771912,0.1620160619552647,runs2\00438,False
go100-avoid0,26.22340488433838,0.1620913269422133,runs2\00439,False
go0-avoid100,51.09727644920349,0.1622232378590455,runs2\00440,False
go25-avoid75,20.875953197479248,0.1534972690967588,runs2\00441,False
go50-avoid50,57.39347505569458,0.1611681572151744,runs2\00442,False
go75-avoid25,34.029486417770386,0.1636039002188533,runs2\00443,False
go100-avoid0,13.146831750869753,0.1490187160661877,runs2\00444,False
go0-avoid100,110.32504773139954,0.169023752927935,runs2\00445,False
go25-avoid75,18.712871551513672,0.1532990312068336,runs2\00446,False
go50-avoid50,52.16676020622253,0.1642082654701901,runs2\00447,False
go75-avoid25,18.69514632225037,0.1553739028030568,runs2\00448,False
go100-avoid0,18.162575721740723,0.1601613911891797,runs2\00449,False
go0-avoid100,17.896968841552734,0.1580245740082978,runs2\00450,False
go25-avoid75,101.31818890571594,0.1629188820503812,runs2\00451,False
go50-avoid50,49.81353497505188,0.1639044357595608,runs2\00452,False
go75-avoid25,26.43722033500672,0.1607651974553368,runs2\00453,False
go100-avoid0,30.345717191696167,0.1578776582509337,runs2\00454,False
go0-avoid100,71.12457299232483,0.1613306027493038,runs2\00455,False
go25-avoid75,30.28721022605896,0.1551362452441351,runs2\00456,False
go50-avoid50,16.233877182006836,0.1442190685888406,runs2\00457,False
go75-avoid25,23.49543786048889,0.1624230453537354,runs2\00458,False
go100-avoid0,15.24513864517212,0.147287745524112,runs2\00459,False
go0-avoid100,32.512274980545044,0.1627590960478679,runs2\00460,False
go25-avoid75,65.2440197467804,0.1610466945569607,runs2\00461,False
go50-avoid50,21.94379711151123,0.1635937734749454,runs2\00462,True
go75-avoid25,10.979335069656372,0.1442122694927395,runs2\00463,False
go100-avoid0,5.557392835617065,0.1414874569317325,runs2\00464,False
go0-avoid100,6.57522439956665,0.1440954679989579,runs2\00465,False
go25-avoid75,16.175600290298462,0.1444187441321985,runs2\00466,False
go50-avoid50,56.85381531715393,0.1621866776979201,runs2\00467,False
go75-avoid25,16.7815842628479,0.1751208146158146,runs2\00468,False
go100-avoid0,34.45318818092346,0.1637283675438459,runs2\00469,False
go0-avoid100,9.183063983917236,0.1426587296317062,runs2\00470,False
go25-avoid75,11.12029480934143,0.1440592287530831,runs2\00471,False
go50-avoid50,5.586446523666382,0.1458135577234296,runs2\00472,False
go75-avoid25,45.47974467277527,0.154127558192862,runs2\00473,False
go100-avoid0,73.93658304214478,0.159078034698186,runs2\00474,False
go0-avoid100,52.79764151573181,0.1570973870149866,runs2\00475,False
go25-avoid75,100.08749628067017,0.1600140626763581,runs2\00476,False
go50-avoid50,28.62822413444519,0.1517313556233303,runs2\00477,True
go75-avoid25,41.24568915367127,0.1679828263478648,runs2\00478,False
go100-avoid0,6.579289674758911,0.1413487681317682,runs2\00479,False
go0-avoid100,10.359717845916748,0.1464477930765722,runs2\00480,False
go25-avoid75,5.543841123580933,0.1432016848012449,runs2\00481,False
go50-avoid50,9.149581909179688,0.1433861445710621,runs2\00482,False
go75-avoid25,16.38454031944275,0.1494484617942118,runs2\00483,False
go100-avoid0,38.20099925994873,0.1607082510437126,runs2\00484,False
go0-avoid100,11.59226655960083,0.1565798657439725,runs2\00485,False
go25-avoid75,27.638539791107178,0.1563867476210425,runs2\00486,False
go50-avoid50,22.613426208496094,0.1564899941561277,runs2\00487,True
go75-avoid25,17.4307279586792,0.1602033931746069,runs2\00488,False
go100-avoid0,5.550112247467041,0.1396180187224354,runs2\00489,False
go0-avoid100,5.578380823135376,0.1413141267980558,runs2\00490,False
go25-avoid75,23.491854190826416,0.1507648840408104,runs2\00491,False
go50-avoid50,51.959460735321045,0.1629927387044636,runs2\00492,True
go75-avoid25,105.71770334243774,0.1600851944148003,runs2\00493,False
go100-avoid0,65.06888699531555,0.1636028941776059,runs2\00494,False
go0-avoid100,6.53021502494812,0.1448095312863354,runs2\00495,False
go25-avoid75,49.75071120262146,0.1743591925569065,runs2\00496,False
go50-avoid50,19.043208837509155,0.1621052932753072,runs2\00497,True
go75-avoid25,59.25934720039368,0.1620751415963444,runs2\00498,False
go100-avoid0,43.9164617061615,0.1615301616932469,runs2\00499,False
go0-avoid100,47.9094557762146,0.1579763567867684,runs2\00500,False
go25-avoid75,59.498046875,0.1621802803103438,runs2\00501,False
go50-avoid50,14.877119779586792,0.1595221121529523,runs2\00502,False
go75-avoid25,28.537303924560547,0.1585815298542857,runs2\00503,False
go100-avoid0,18.782597303390503,0.1569032727292601,runs2\00504,False
go0-avoid100,13.551565647125244,0.1636822836522722,runs2\00505,False
go25-avoid75,128.43877124786377,0.1625148156124576,runs2\00506,False
go50-avoid50,56.81518292427063,0.1641500011342155,runs2\00507,False
go75-avoid25,27.256155729293823,0.1569430431640491,runs2\00508,False
go100-avoid0,22.81666374206543,0.1571792011889172,runs2\00509,False
go0-avoid100,67.96044993400574,0.1584870320275463,runs2\00510,False
go25-avoid75,25.165088891983032,0.1559946697439066,runs2\00511,False
go50-avoid50,68.66362404823303,0.1733048684685134,runs2\00512,False
go75-avoid25,76.07436060905457,0.162123253485756,runs2\00513,False
go100-avoid0,17.95564079284668,0.1544765206864891,runs2\00514,False
go0-avoid100,39.13963508605957,0.16060520899204,runs2\00515,False
go25-avoid75,33.26407742500305,0.1608030206675286,runs2\00516,False
go50-avoid50,104.49345993995668,0.1624208088092544,runs2\00517,False
go75-avoid25,12.643615007400513,0.1464090462301955,runs2\00518,False
go100-avoid0,31.365278244018555,0.1580114487249296,runs2\00519,False
go0-avoid100,33.736528396606445,0.1577296626434483,runs2\00520,False
go25-avoid75,19.62106966972351,0.1551231280861925,runs2\00521,False
go50-avoid50,11.861644744873049,0.1665966613375444,runs2\00522,False
go75-avoid25,12.32583475112915,0.1440279303760253,runs2\00523,False
go100-avoid0,16.15367031097412,0.1426629702573643,runs2\00524,False
go0-avoid100,17.055376768112183,0.1596732006526401,runs2\00525,False
go25-avoid75,117.29897165298462,0.1639120699394383,runs2\00526,False
go50-avoid50,6.824980735778809,0.1489686221099272,runs2\00527,False
go75-avoid25,81.87530589103699,0.1673661248485763,runs2\00528,False
go100-avoid0,25.39018702507019,0.1595218459477053,runs2\00529,False
go0-avoid100,43.36858892440796,0.1610679196308251,runs2\00530,False
go25-avoid75,18.6263439655304,0.1526513501530686,runs2\00531,False
go50-avoid50,13.837427377700806,0.1641238348117071,runs2\00532,True
go75-avoid25,13.89823317527771,0.1777363898525022,runs2\00533,False
go100-avoid0,15.659962892532349,0.1564479598957776,runs2\00534,False
go0-avoid100,16.159210205078125,0.1621212595162424,runs2\00535,False
go25-avoid75,40.3597617149353,0.1602041043117136,runs2\00536,False
go50-avoid50,65.51139616966248,0.1613924642323232,runs2\00537,False
go75-avoid25,12.30032730102539,0.1439305960032738,runs2\00538,False
go100-avoid0,11.166382789611816,0.144158547106989,runs2\00539,False
go0-avoid100,5.578947305679321,0.1483460373381668,runs2\00540,False
go25-avoid75,32.683709144592285,0.1563873498003916,runs2\00541,False
go50-avoid50,22.79254722595215,0.1551899257700061,runs2\00542,False
go75-avoid25,33.781760454177856,0.1635288160298527,runs2\00543,False
go100-avoid0,32.7544322013855,0.1576072051697083,runs2\00544,False
go0-avoid100,46.508033752441406,0.1604513187826776,runs2\00545,False
go25-avoid75,6.586087465286255,0.1434208629666925,runs2\00546,False
go50-avoid50,38.40033197402954,0.1644264259215115,runs2\00547,False
go75-avoid25,40.138263463974,0.1639169730019019,runs2\00548,False
go100-avoid0,26.35435676574707,0.1574991696153436,runs2\00549,False
go0-avoid100,29.50979900360108,0.1581996911412716,runs2\00550,False
go25-avoid75,35.915802001953125,0.1632894223142824,runs2\00551,False
go50-avoid50,9.022568225860596,0.1468134109601938,runs2\00552,True
go75-avoid25,90.544011592865,0.1631236666771379,runs2\00553,False
go100-avoid0,29.861912965774536,0.155442598939205,runs2\00554,True
go0-avoid100,13.236265420913696,0.1640680754919296,runs2\00555,False
go25-avoid75,18.857680559158325,0.1518954100422258,runs2\00556,False
bull_model,11.905895233154297,0.0,runs3\00000,False
bull_model,13.797471523284912,0.0,runs3\00001,True
bull_model,21.77196669578552,0.0,runs3\00002,False
bull_model,40.48521065711975,0.0,runs3\00003,False
bull_model,15.287971496582031,0.0,runs3\00004,False
bull_model,10.336479902267456,0.0,runs3\00005,False
bull_model,18.51482129096985,0.0,runs3\00006,False
bull_model,18.108747482299805,0.0,runs3\00007,False
bull_model,17.988378763198853,0.0,runs3\00008,False
bull_model,11.920600414276125,0.0,runs3\00009,False
bull_model,10.510804891586304,0.0,runs3\00010,False
bull_model,24.04610705375672,0.0,runs3\00011,False
bull_model,14.823763608932495,0.0,runs3\00012,False
bull_model,10.687503337860107,0.0,runs3\00013,False
bull_model,47.4683952331543,0.0,runs3\00014,False
bull_model,22.785578727722168,0.0,runs3\00015,False
bull_model,9.5691077709198,0.0,runs3\00016,False
bull_model,9.234958171844482,0.0,runs3\00017,False
bull_model,25.6853461265564,0.0,runs3\00018,False
bull_model,14.047271728515623,0.0,runs3\00019,False
bull_model,15.839874744415283,0.0,runs3\00020,False
bull_model,21.651719570159912,0.0,runs3\00021,False
bull_model,13.0885112285614,0.0,runs3\00022,False
bull_model,46.97964954376221,0.0,runs3\00023,False
bull_model,8.460876703262329,0.0,runs3\00024,False
bull_model,25.508370876312256,0.0,runs3\00025,False
bull_model,10.329291582107544,0.0,runs3\00026,False
bull_model,8.538225650787354,0.0,runs3\00027,False
bull_model,20.86467981338501,0.0,runs3\00028,False
bull_model,9.310423135757446,0.0,runs3\00029,False
bull_model,16.986721754074097,0.0,runs3\00030,False
bull_model,16.383407592773438,0.0,runs3\00031,False
bull_model,18.12842321395874,0.0,runs3\00032,False
bull_model,11.36397409439087,0.0,runs3\00033,False
bull_model,13.775651454925535,0.0,runs3\00034,False
bull_model,12.356834411621094,0.0,runs3\00035,False
bull_model,24.17029905319214,0.0,runs3\00036,False
bull_model,22.83390235900879,0.0,runs3\00037,False
bull_model,9.331790924072266,0.0,runs3\00038,False
bull_model,14.638164281845093,0.0,runs3\00039,False
bull_model,25.27336311340332,0.0,runs3\00040,False
bull_model,17.9182710647583,0.0,runs3\00041,False
bull_model,21.361107110977173,0.0,runs3\00042,False
bull_model,615.8002877235413,0.0,runs3\00043,False
bull_model,8.228188514709473,0.0,runs3\00044,False
bull_model,21.11731696128845,0.0,runs3\00045,False
student_go75-avoid25,34.38492178916931,0.0144738353055971,runs3\00048,False
student_go100-avoid0,18.93459439277649,0.0139742306148262,runs3\00049,False
student_go0-avoid100,1.6362345218658447,0.0,runs3\00050,True
student_go25-avoid75,5.442739963531494,0.0142688679876363,runs3\00051,True
student_go50-avoid50,10.162001371383669,0.0,runs3\00052,True
student_go75-avoid25,10.132163286209106,0.0,runs3\00053,True
student_go100-avoid0,10.102007150650024,0.0,runs3\00054,True
student_go0-avoid100,10.151740312576294,0.0,runs3\00055,True
student_go25-avoid75,10.073015213012695,0.0,runs3\00056,True
student_go50-avoid50,274.6611132621765,0.0218613487589982,runs3\00057,False
student_go75-avoid25,49.10319805145264,0.0243820885279539,runs3\00058,False
student_go100-avoid0,371.6504120826721,0.0222612708154756,runs3\00059,False
student_go0-avoid100,12.463716506958008,0.0217025255884861,runs3\00060,False
student_go25-avoid75,42.549261808395386,0.021509993131845,runs3\00061,False
student_go50-avoid50,206.478310585022,0.0220110782214191,runs3\00062,False
student_go75-avoid25,203.6427845954895,0.0219078983352479,runs3\00063,False
student_go100-avoid0,7.07658052444458,0.0225560552350339,runs3\00064,False
student_go0-avoid100,78.00199341773987,0.0221631768637464,runs3\00065,False
student_go25-avoid75,6.046796083450317,0.0309843707185101,runs3\00066,False
student_go50-avoid50,5.743305683135986,0.0224132313709483,runs3\00067,False
student_go75-avoid25,105.80389308929443,0.0224452164444415,runs3\00068,False
student_go100-avoid0,7.022273302078247,0.0427887011840771,runs3\00069,False
student_go0-avoid100,43.986746311187744,0.0226800815889664,runs3\00070,False
student_go25-avoid75,131.40947675704956,0.0220787611844715,runs3\00071,False
student_go50-avoid50,47.27652978897095,0.0222611059656876,runs3\00072,False
student_go75-avoid25,48.115416526794434,0.0228059895715548,runs3\00073,False
student_go100-avoid0,26.739866495132446,0.0230565475722378,runs3\00074,False
student_go0-avoid100,54.5848240852356,0.022720868333953,runs3\00075,False
student_go25-avoid75,97.559796333313,0.0220634526467531,runs3\00076,False
student_go50-avoid50,196.0997858047485,0.0222367561335047,runs3\00077,False
student_go75-avoid25,15.023108959197998,0.0213131668482281,runs3\00078,False
student_go100-avoid0,269.1104345321655,0.0230831384686204,runs3\00079,False
student_go0-avoid100,43.83121275901794,0.021808575004492,runs3\00080,False
student_go25-avoid75,17.04626488685608,0.0211232034036579,runs3\00081,False
student_go50-avoid50,33.3563244342804,0.0230560136103317,runs3\00082,False
student_go75-avoid25,79.20846676826477,0.0220529341051471,runs3\00083,False
student_go100-avoid0,79.24009323120117,0.0226019495731761,runs3\00084,False
student_go0-avoid100,56.82570791244507,0.0223141925644769,runs3\00085,False
student_go25-avoid75,8.806162118911743,0.0213494734980496,runs3\00086,False
student_go50-avoid50,103.8840548992157,0.0221338742345319,runs3\00087,False
student_go75-avoid25,33.18753981590271,0.0219707322744375,runs3\00088,False
student_go100-avoid0,146.69850873947144,0.0226355449024108,runs3\00089,False
student_go0-avoid100,190.2839741706848,0.0220419718015608,runs3\00090,False
student_go25-avoid75,43.19988441467285,0.022785383924805,runs3\00091,False
student_go50-avoid50,65.71339726448059,0.0219331069063993,runs3\00092,False
student_go75-avoid25,110.25213694572447,0.0223082416087284,runs3\00093,False
student_go100-avoid0,155.66450595855713,0.0226810654076068,runs3\00094,False
student_go0-avoid100,196.5943064689636,0.0223707882869128,runs3\00095,False
student_go25-avoid75,57.95546841621399,0.0246656174494977,runs3\00096,False
student_go50-avoid50,79.17318964004517,0.0233543214262869,runs3\00097,False
student_go75-avoid25,43.32420802116394,0.0218225712348705,runs3\00098,False
student_go100-avoid0,126.32860970497131,0.0218389412776298,runs3\00099,False
student_go0-avoid100,29.446842908859253,0.0229322990118571,runs3\00100,False
student_go25-avoid75,163.1994926929474,0.0222081246141077,runs3\00101,False
student_go50-avoid50,157.3360879421234,0.0226561012057324,runs3\00102,False
student_go75-avoid25,69.3785195350647,0.0226198985715156,runs3\00103,False
student_go100-avoid0,16.449742794036865,0.0225274362107989,runs3\00104,False
student_go0-avoid100,42.21473836898804,0.0224692696676078,runs3\00105,False
student_go25-avoid75,51.88991022109985,0.0218489120967389,runs3\00106,False
student_go50-avoid50,110.37619638442992,0.0223584235890329,runs3\00107,False
student_go75-avoid25,69.60269260406494,0.0218027575202478,runs3\00108,False
student_go100-avoid0,52.111236572265625,0.02199541563137,runs3\00109,False
student_go0-avoid100,18.17436385154724,0.0210934010833989,runs3\00110,False
student_go25-avoid75,53.85801410675049,0.0226625841624288,runs3\00111,False
student_go50-avoid50,8.14508843421936,0.0186297846949708,runs3\00112,False
student_go75-avoid25,63.607378005981445,0.0224276479554609,runs3\00113,False
student_go100-avoid0,101.29995441436768,0.0226104967987645,runs3\00114,False
student_go0-avoid100,107.80540013313292,0.0221230343137665,runs3\00115,False
student_go25-avoid75,11.075244903564451,0.0211729973109794,runs3\00116,False
student_go50-avoid50,48.24132823944092,0.0229627015929904,runs3\00117,False
student_go75-avoid25,86.12910604476929,0.0227231066004409,runs3\00118,False
student_go100-avoid0,75.7978835105896,0.0223898825230897,runs3\00119,False
student_go0-avoid100,91.41514420509338,0.0218414910346024,runs3\00120,False
student_go25-avoid75,242.2238006591797,0.0218614523801752,runs3\00121,False
student_go50-avoid50,20.37755870819092,0.0222730343002448,runs3\00122,False
student_go75-avoid25,251.64372444152832,0.0216662003185699,runs3\00123,False
student_go100-avoid0,153.30360102653503,0.0219042914164238,runs3\00124,False
student_go0-avoid100,43.80865526199341,0.0221739831822007,runs3\00125,False
student_go25-avoid75,49.0027437210083,0.0228296440681415,runs3\00126,False
student_go50-avoid50,24.042590618133545,0.0221679881302597,runs3\00127,False
student_go75-avoid25,50.72453427314758,0.0227004601263871,runs3\00128,False
student_go100-avoid0,126.25306844711304,0.0217305578008389,runs3\00129,False
student_go0-avoid100,36.480517864227295,0.0220448487658991,runs3\00130,False
student_go25-avoid75,23.04850912094116,0.0214688528770578,runs3\00131,False
student_go50-avoid50,15.487800121307371,0.0212050459992804,runs3\00132,False
student_go75-avoid25,10.754457712173462,0.0220636608756712,runs3\00133,False
student_go100-avoid0,60.09077429771423,0.0221448060159601,runs3\00134,False
student_go0-avoid100,27.61103367805481,0.0217538421773706,runs3\00135,False
student_go25-avoid75,28.33169317245484,0.0226562839743967,runs3\00136,False
student_go50-avoid50,46.2771372795105,0.0226081062727339,runs3\00137,False
student_go75-avoid25,101.74225664138794,0.0227079458070625,runs3\00138,False
student_go100-avoid0,77.92835760116577,0.0214842422799962,runs3\00139,False
student_go0-avoid100,141.95880365371704,0.0219047308098148,runs3\00140,False
student_go25-avoid75,87.78569316864014,0.0219559822598486,runs3\00141,False
student_go50-avoid50,197.8080575466156,0.0219485769994349,runs3\00142,False
student_go75-avoid25,67.46081924438477,0.0216352176294994,runs3\00143,False
student_go100-avoid0,165.09126162528992,0.0222177288718305,runs3\00144,False
student_go0-avoid100,65.06011295318604,0.0217985427506656,runs3\00145,False
student_go25-avoid75,18.907650232315063,0.024416969578867,runs3\00146,False
student_go50-avoid50,8.114357471466064,0.0232843102418496,runs3\00147,False
student_go75-avoid25,8.886666536331177,0.0195042094322879,runs3\00148,False
student_go100-avoid0,86.8291003704071,0.0219679063836106,runs3\00149,False
student_go0-avoid100,75.17824864387512,0.0220436294064469,runs3\00150,False
student_go25-avoid75,8.288763761520386,0.0212077445416612,runs3\00151,False
student_go50-avoid50,31.074159383773804,0.02165786076546,runs3\00152,False
student_go75-avoid25,42.88066267967224,0.0232710710084991,runs3\00153,False
student_go100-avoid0,13.595341444015505,0.0227711970141378,runs3\00154,False
student_go0-avoid100,85.19774055480957,0.0226031721485234,runs3\00155,False
student_go25-avoid75,50.49864959716797,0.0218775887882172,runs3\00156,False
student_go50-avoid50,14.477896451950071,0.0214367845079328,runs3\00157,False
student_go75-avoid25,216.8795709609985,0.0222374301758887,runs3\00158,False
student_go100-avoid0,24.56759715080261,0.021740262170431,runs3\00159,False
student_go0-avoid100,18.14124250411988,0.0225425261335678,runs3\00160,False
student_go25-avoid75,43.89085340499878,0.0221563711114786,runs3\00161,False
student_go50-avoid50,46.93639922142029,0.0229737699229122,runs3\00162,False
student_go75-avoid25,16.033875703811646,0.022283055514854,runs3\00163,False
student_go100-avoid0,71.53050756454468,0.0228186842610157,runs3\00164,False
student_go0-avoid100,25.879408597946167,0.0229540690517804,runs3\00165,False
student_go25-avoid75,34.639479875564575,0.0215995160695644,runs3\00166,False
student_go50-avoid50,62.98199939727783,0.022819448315856,runs3\00167,False
student_go75-avoid25,6.746749877929688,0.0233499887064753,runs3\00168,False
student_go100-avoid0,16.470179080963135,0.0217683665330016,runs3\00169,False
student_go0-avoid100,76.92226266860962,0.0221310061515951,runs3\00170,False
student_go25-avoid75,46.89662575721741,0.0220137259631972,runs3\00171,False
student_go50-avoid50,35.80724596977234,0.0221072502976318,runs3\00172,False
student_go75-avoid25,47.662654638290405,0.0228521927061457,runs3\00173,False
student_go100-avoid0,21.10102844238281,0.0209526341771852,runs3\00174,False
student_go0-avoid100,117.20292973518372,0.022332876982431,runs3\00175,False
student_go25-avoid75,18.93250608444214,0.0222582484347365,runs3\00176,False
student_go50-avoid50,46.68751621246338,0.0223056947201789,runs3\00177,False
student_go75-avoid25,73.09033036231995,0.0231571823453629,runs3\00178,False
student_go100-avoid0,21.98368120193481,0.0221408782147661,runs3\00179,False
student_go0-avoid100,81.08126425743103,0.0222162906914749,runs3\00180,False
student_go25-avoid75,62.65492630004883,0.0221305582107179,runs3\00181,False
student_go50-avoid50,25.175413370132446,0.0237205698434366,runs3\00182,False
student_go75-avoid25,22.46967506408692,0.02462117220061,runs3\00183,False
student_go100-avoid0,54.37931251525879,0.0222906477339143,runs3\00184,False
student_go0-avoid100,12.445295572280884,0.0227272184096317,runs3\00185,False
student_go25-avoid75,9.13208508491516,0.0222344354029664,runs3\00186,False
student_go50-avoid50,30.013646125793457,0.0230912005737842,runs3\00187,False
student_go75-avoid25,25.923442363739014,0.022401166024858,runs3\00188,False
student_go100-avoid0,14.214648246765137,0.0233346915752222,runs3\00189,False
student_go0-avoid100,49.52114701271057,0.0223248745320374,runs3\00190,False
student_go25-avoid75,118.33557653427124,0.0225047066673068,runs3\00191,False
student_go50-avoid50,21.25936794281006,0.0231058443726801,runs3\00192,False
student_go75-avoid25,123.15196990966795,0.0227643840768846,runs3\00193,False
student_go100-avoid0,19.81456470489502,0.0220369831855623,runs3\00194,False
student_go0-avoid100,30.42861318588257,0.0216573809654573,runs3\00195,False
student_go25-avoid75,29.038387537002563,0.0226146249142737,runs3\00196,False
student_go50-avoid50,16.84441328048706,0.022618585460567,runs3\00197,False
student_go75-avoid25,36.67630887031555,0.0220291467807086,runs3\00198,False
student_go100-avoid0,46.99302291870117,0.0221953128053111,runs3\00199,False
student_go0-avoid100,62.27986216545105,0.0221954699631748,runs3\00200,False
student_go25-avoid75,16.59391140937805,0.0228661478378857,runs3\00201,False
student_go50-avoid50,17.409911155700684,0.0220637104403593,runs3\00202,False
student_go75-avoid25,55.56106114387512,0.0229072520545813,runs3\00203,False
student_go100-avoid0,31.07471776008606,0.0226165048151314,runs3\00204,False
student_go0-avoid100,9.745697736740112,0.023086400183135,runs3\00205,False
student_go25-avoid75,42.50038981437683,0.0231225305975501,runs3\00206,False
student_go50-avoid50,29.43179202079773,0.0240444608268553,runs3\00207,False
student_go75-avoid25,27.62855100631714,0.0233456125457897,runs3\00208,False
student_go100-avoid0,13.620564699172974,0.0230158782831289,runs3\00209,False
student_go0-avoid100,66.56284403800964,0.0228528532767229,runs3\00210,False
student_go25-avoid75,19.733110666275024,0.0234491065390008,runs3\00211,False
student_go50-avoid50,39.044575452804565,0.0232969979596489,runs3\00212,False
student_go75-avoid25,32.59500050544739,0.0229250801336785,runs3\00213,False
student_go100-avoid0,76.66528058052063,0.02283362358166,runs3\00214,False
student_go0-avoid100,23.160625457763672,0.0229595768892831,runs3\00215,False
student_go25-avoid75,57.30516266822815,0.0224499059823507,runs3\00216,False
student_go50-avoid50,7.079975128173828,0.0252158515735927,runs3\00217,False
student_go75-avoid25,12.743251323699951,0.0220084460881318,runs3\00218,False
student_go100-avoid0,25.10560727119445,0.0236158586791346,runs3\00219,False
student_go0-avoid100,130.64260244369507,0.022052210185274,runs3\00220,False
student_go25-avoid75,16.154515981674194,0.0265025418203588,runs3\00221,False
student_go50-avoid50,42.73513412475586,0.0245157222821436,runs3\00222,False
student_go75-avoid25,38.23294115066528,0.023020975272608,runs3\00223,False
student_go100-avoid0,44.4335618019104,0.0225908977942631,runs3\00224,False
student_go0-avoid100,13.223174095153809,0.0236837042878295,runs3\00225,False
student_go25-avoid75,63.79847645759583,0.0224575608230643,runs3\00226,False
student_go50-avoid50,37.39210844039917,0.0219350399834617,runs3\00227,False
student_go75-avoid25,14.504922866821287,0.0221835829485728,runs3\00228,False
student_go100-avoid0,6.696453094482422,0.0226814633449372,runs3\00229,False
student_go0-avoid100,40.34975528717041,0.0234468572779281,runs3\00230,False
student_go25-avoid75,21.996363401412964,0.0209703434397547,runs3\00231,False
student_go50-avoid50,25.42187714576721,0.0227818587091398,runs3\00232,False
student_go75-avoid25,13.67546844482422,0.0228906131741955,runs3\00233,False
student_go100-avoid0,18.39661455154419,0.0240660037153084,runs3\00234,False
student_go0-avoid100,113.99060153961182,0.0222957193984758,runs3\00235,False
student_go25-avoid75,8.167014122009277,0.0230657996687307,runs3\00236,False
student_go50-avoid50,26.450231790542603,0.0231439953568401,runs3\00237,False
student_go75-avoid25,33.25594902038574,0.0231099359438411,runs3\00238,False
student_go100-avoid0,13.6337993144989,0.0228230133129052,runs3\00239,False
student_go0-avoid100,103.1266429424286,0.0224258470219017,runs3\00240,False
student_go25-avoid75,14.454773902893066,0.0225651241625549,runs3\00241,False
student_go50-avoid50,41.97747039794922,0.0240888526500151,runs3\00242,False
student_go75-avoid25,21.296729564666748,0.0216812373478594,runs3\00243,False
student_go100-avoid0,6.9347429275512695,0.0251626842570367,runs3\00244,False
student_go0-avoid100,45.92540240287781,0.022791135612793,runs3\00245,False
student_go25-avoid75,6.218450546264648,0.0211665418675157,runs3\00246,False
student_go50-avoid50,6.01950740814209,0.0297405422351657,runs3\00247,False
student_go75-avoid25,53.07686376571655,0.0231277890348197,runs3\00248,False
student_go100-avoid0,6.968585014343262,0.0223818905500825,runs3\00249,False
student_go0-avoid100,5.70445704460144,0.0223343149001821,runs3\00250,False
student_go25-avoid75,62.37835097312927,0.0232030189143796,runs3\00251,False
student_go50-avoid50,6.879008769989014,0.0319479544163426,runs3\00252,False
student_go75-avoid25,61.95161175727844,0.022731124999593,runs3\00253,False
student_go100-avoid0,44.43953466415405,0.0225843878971932,runs3\00254,False
student_go0-avoid100,35.87112212181091,0.0234531337682437,runs3\00255,False
student_go25-avoid75,30.59874510765076,0.0229443170738622,runs3\00256,False
student_go50-avoid50,49.72625279426575,0.0242235443242342,runs3\00257,False
student_go75-avoid25,50.72494387626648,0.0229016562089311,runs3\00258,False
student_go100-avoid0,28.49078869819641,0.022745560689909,runs3\00259,False
student_go0-avoid100,43.97687768936157,0.0223470077646642,runs3\00260,False
student_go25-avoid75,25.16567087173462,0.0221726342439784,runs3\00261,False
student_go50-avoid50,39.1435124874115,0.0222745067978828,runs3\00262,False
student_go75-avoid25,15.199298620224,0.022483216756009,runs3\00263,False
student_go100-avoid0,30.63769292831421,0.0225464438151747,runs3\00264,True
student_go0-avoid100,165.89056777954102,0.0201934226648226,runs3\00265,False
student_go25-avoid75,85.00484347343445,0.0202062973803054,runs3\00266,False
student_go50-avoid50,6.361092567443848,0.0227111464431938,runs3\00267,False
student_go75-avoid25,34.07511639595032,0.0210336765504487,runs3\00268,False
student_go100-avoid0,9.844980001449583,0.0248535432718866,runs3\00269,False
student_go0-avoid100,30.234993934631348,0.0206198191931676,runs3\00270,False
student_go25-avoid75,22.27713274955749,0.0201950539981818,runs3\00271,False
student_go50-avoid50,41.06449365615845,0.019876451246126,runs3\00272,False
student_go75-avoid25,9.532360553741457,0.0179696053119505,runs3\00273,False
student_go100-avoid0,30.91598653793335,0.0203771107556994,runs3\00274,False
student_go0-avoid100,82.37133502960205,0.0199027648575433,runs3\00275,False
student_go25-avoid75,18.97629714012146,0.0213655518052932,runs3\00276,False
student_go50-avoid50,55.09047222137451,0.0206687148694869,runs3\00277,False
student_go75-avoid25,31.25459861755371,0.0209116690340845,runs3\00278,False
student_go100-avoid0,13.26495599746704,0.0211870649131538,runs3\00279,False
student_go0-avoid100,19.62305331230164,0.0208337575213612,runs3\00280,False
student_go25-avoid75,12.538851261138916,0.0204260591487592,runs3\00281,False
student_go50-avoid50,10.80834698677063,0.0220985381028316,runs3\00282,False
student_go75-avoid25,69.49007797241211,0.0211110045891802,runs3\00283,False
student_go100-avoid0,16.457453727722168,0.0212161341266097,runs3\00284,False
student_go0-avoid100,12.415684461593628,0.0237803697654379,runs3\00285,False
student_go25-avoid75,31.74544095993042,0.0198193743680486,runs3\00286,False
student_go50-avoid50,39.03349494934082,0.0200451011414811,runs3\00287,False
student_go75-avoid25,242.1071300506592,0.0209221041358889,runs3\00288,False
student_go100-avoid0,59.19862127304077,0.020956603336738,runs3\00289,False
student_go0-avoid100,57.23973083496094,0.0203901843805208,runs3\00290,False
student_go25-avoid75,25.969165325164795,0.0220308493335636,runs3\00291,False
student_go50-avoid50,17.619709014892578,0.0210415826121204,runs3\00292,False
student_go75-avoid25,32.47177052497864,0.021875088509046,runs3\00293,False
student_go100-avoid0,13.662745237350464,0.0209039539060259,runs3\00294,False
student_go0-avoid100,19.237483978271484,0.021090029429576,runs3\00295,False
student_go25-avoid75,17.621636867523193,0.0209790692648475,runs3\00296,False
student_go50-avoid50,22.87993741035461,0.0204822780301582,runs3\00297,False
student_go75-avoid25,92.43930506706238,0.0203013704177138,runs3\00298,False
student_go100-avoid0,71.44622302055359,0.0206379423309864,runs3\00299,False
student_go0-avoid100,139.3381805419922,0.0204574468310288,runs3\00300,False
student_go25-avoid75,117.9340364933014,0.0208354534816178,runs3\00301,False
student_go50-avoid50,29.20377254486084,0.0210482271663995,runs3\00302,False
student_go75-avoid25,65.36845922470093,0.0203608979854037,runs3\00303,False
student_go100-avoid0,15.804939270019531,0.020518521417821,runs3\00304,False
student_go0-avoid100,44.99247169494629,0.021072569865446,runs3\00305,False
student_go25-avoid75,56.71482253074646,0.0205348550838352,runs3\00306,False
student_go50-avoid50,140.7194881439209,0.0206357929478306,runs3\00307,False
student_go75-avoid25,107.6049098968506,0.0206329596622562,runs3\00308,False
student_go100-avoid0,15.03832459449768,0.0196777168406183,runs3\00309,False
student_go0-avoid100,145.10722279548645,0.0205844064989186,runs3\00310,False
student_go25-avoid75,35.469419956207275,0.0204953148234977,runs3\00311,False
student_go50-avoid50,23.636106491088867,0.0204207092733535,runs3\00312,False
student_go75-avoid25,13.94493556022644,0.0192496108848675,runs3\00313,False
student_go100-avoid0,62.04822850227356,0.019636580900072,runs3\00314,False
student_go0-avoid100,479.738032579422,0.0206748212091634,runs3\00315,False
student_go25-avoid75,137.94637489318848,0.0207408215241822,runs3\00316,False
student_go50-avoid50,18.163297414779663,0.0208720402785587,runs3\00317,False
student_go75-avoid25,122.28783130645752,0.0205174303301063,runs3\00318,False
student_go100-avoid0,38.33885025978088,0.0210121834086669,runs3\00319,False
student_go0-avoid100,42.96949243545532,0.0198111264806647,runs3\00320,False
student_go25-avoid75,54.07638454437256,0.0206710139057443,runs3\00321,False
student_go50-avoid50,256.09302735328674,0.020917671844163,runs3\00322,False
student_go75-avoid25,17.20237708091736,0.0194690055583488,runs3\00323,False
student_go100-avoid0,13.072789669036863,0.0201714972351696,runs3\00324,False
student_go0-avoid100,16.4318687915802,0.0210022059834065,runs3\00325,False
student_go25-avoid75,91.77844190597534,0.0204916022158908,runs3\00326,False
student_go50-avoid50,33.77900838851929,0.0201627290629736,runs3\00327,False
student_go75-avoid25,14.064969301223757,0.0205681522050969,runs3\00328,False
student_go100-avoid0,6.59012246131897,0.0221736320253666,runs3\00329,False
student_go0-avoid100,5.648754119873047,0.0231029756305448,runs3\00330,False
student_go25-avoid75,20.550678491592407,0.0211030498012886,runs3\00331,False
student_go50-avoid50,17.656647205352783,0.0210176453883744,runs3\00332,False
student_go75-avoid25,40.71902227401733,0.020714148737271,runs3\00333,False
student_go100-avoid0,76.72408890724182,0.0205097508259497,runs3\00334,False
student_go0-avoid100,41.21378564834595,0.0214315037035928,runs3\00335,False
student_go25-avoid75,14.54421067237854,0.0210237267195116,runs3\00336,False
student_go50-avoid50,30.98310804367065,0.0223285718164033,runs3\00337,False
student_go75-avoid25,8.796252965927124,0.0217289881163605,runs3\00338,False
student_go100-avoid0,10.2002911567688,0.0208215281434131,runs3\00339,False
student_go0-avoid100,56.72149777412415,0.0208269395197074,runs3\00340,False
student_go25-avoid75,52.84323239326477,0.0210832221047549,runs3\00341,False
student_go50-avoid50,16.202470541000366,0.0209777339057373,runs3\00342,False
student_go75-avoid25,17.161091804504395,0.0203546611688198,runs3\00343,False
student_go100-avoid0,34.17375731468201,0.0213668339930231,runs3\00344,False
student_go0-avoid100,85.63217520713806,0.020680324783275,runs3\00345,False
student_go25-avoid75,48.62304139137268,0.0207837434426625,runs3\00346,False
student_go50-avoid50,6.585527420043945,0.0233881356600581,runs3\00347,False
student_go75-avoid25,5.789739847183228,0.0257336836016435,runs3\00348,False
student_go100-avoid0,18.455390214920044,0.0215391205200311,runs3\00349,False
student_go0-avoid100,23.58103394508361,0.0201611834811933,runs3\00350,False
student_go25-avoid75,6.632842063903809,0.0210380449008994,runs3\00351,False
student_go50-avoid50,56.92193651199341,0.020279704214865,runs3\00352,False
student_go75-avoid25,36.03422713279724,0.0208893611191621,runs3\00353,False
student_go100-avoid0,73.79665517807007,0.0209558990958469,runs3\00354,False
student_go0-avoid100,61.48462224006653,0.0210099730560514,runs3\00355,False
student_go25-avoid75,36.77901649475098,0.0221496152023327,runs3\00356,False
student_go50-avoid50,124.83762240409852,0.0208041718628127,runs3\00357,False
student_go75-avoid25,31.06746864318848,0.021095036779842,runs3\00358,False
student_go100-avoid0,174.8884072303772,0.02151046038901,runs3\00359,False
student_go0-avoid100,154.73663878440857,0.0223310588394653,runs3\00360,False
student_go25-avoid75,26.58564615249633,0.0223593805791809,runs3\00361,False
student_go50-avoid50,29.431681394577023,0.02175740761883,runs3\00362,False
student_go75-avoid25,59.76618218421936,0.0221731500108999,runs3\00363,False
student_go100-avoid0,6.894475698471069,0.0251631610939565,runs3\00364,False
student_go0-avoid100,36.39623808860779,0.0214764013705635,runs3\00365,False
student_go25-avoid75,11.012247323989868,0.0228552104452098,runs3\00366,False
student_go50-avoid50,26.55711603164673,0.0227367669804402,runs3\00367,False
student_go75-avoid25,75.72112965583801,0.0220010779648102,runs3\00368,False
student_go100-avoid0,24.733598709106445,0.0211720131873882,runs3\00369,False
student_go0-avoid100,10.483353853225708,0.0218453370878702,runs3\00370,False
student_go25-avoid75,41.63922452926636,0.0227091655774864,runs3\00371,False
student_go50-avoid50,62.35042691230774,0.0218807162152963,runs3\00372,False
student_go75-avoid25,30.386455297470093,0.0212579361952862,runs3\00373,False
student_go100-avoid0,69.34248352050781,0.0225333653364461,runs3\00374,False
student_go0-avoid100,65.10337924957275,0.0226813551219832,runs3\00375,False
student_go25-avoid75,92.34215378761292,0.0229464933532679,runs3\00376,False
student_go50-avoid50,37.65024662017822,0.0223393842581465,runs3\00377,False
student_go75-avoid25,28.898884057998657,0.0236338701331364,runs3\00378,False
student_go100-avoid0,117.71773982048036,0.0226332286607334,runs3\00379,False
student_go0-avoid100,22.033392190933228,0.0224788043991335,runs3\00380,False
student_go25-avoid75,41.99048113822937,0.0231388384279529,runs3\00381,False
student_go50-avoid50,24.18429970741272,0.0216664899483222,runs3\00382,False
student_go75-avoid25,44.757519245147705,0.0220969937974269,runs3\00383,False
student_go100-avoid0,47.96147537231445,0.0230890177826051,runs3\00384,False
student_go0-avoid100,15.791470050811768,0.0226942480566784,runs3\00385,False
student_go25-avoid75,21.27586531639099,0.0230047292644603,runs3\00386,False
student_go50-avoid50,20.921533584594727,0.024493066925833,runs3\00387,False
student_go75-avoid25,37.046807289123535,0.023092929997725,runs3\00388,False
student_go100-avoid0,36.847368478775024,0.0221819730854179,runs3\00389,False
student_go0-avoid100,14.900113105773926,0.020963580219797,runs3\00390,False
student_go25-avoid75,49.11645412445069,0.0228138889795012,runs3\00391,False
student_go50-avoid50,107.78286504745483,0.0224652782340818,runs3\00392,False
student_go75-avoid25,48.041015625,0.0233164606001256,runs3\00393,False
student_go100-avoid0,35.3575713634491,0.0222746885658985,runs3\00394,False
student_go0-avoid100,38.84222412109375,0.0226962957435504,runs3\00395,False
student_go25-avoid75,41.4213936328888,0.0226745232856955,runs3\00396,False
student_go50-avoid50,16.592418909072876,0.0227412426401342,runs3\00397,False
student_go75-avoid25,13.220192670822144,0.0232985523615622,runs3\00398,False
student_go100-avoid0,41.46490478515625,0.0234945755347239,runs3\00399,False
student_go0-avoid100,87.15532231330872,0.0220474134750536,runs3\00400,False
student_go25-avoid75,30.692901134490967,0.0219101812848196,runs3\00401,False
student_go50-avoid50,46.87644910812378,0.0231795252841209,runs3\00402,False
student_go75-avoid25,8.049031019210815,0.0205411859657777,runs3\00403,False
student_go100-avoid0,54.27641272544861,0.0223427273048245,runs3\00404,False
student_go0-avoid100,66.96024680137634,0.0224934623056756,runs3\00405,False
student_go25-avoid75,83.48721241950989,0.0231954215598719,runs3\00406,False
student_go50-avoid50,66.87420058250427,0.0225314729340009,runs3\00407,False
student_go75-avoid25,9.1171395778656,0.0224799111229142,runs3\00408,False
student_go100-avoid0,19.17663025856018,0.0237117592580425,runs3\00409,False
student_go0-avoid100,30.79541563987732,0.0235127246060237,runs3\00410,False
student_go25-avoid75,147.16624879837036,0.0231076316303168,runs3\00411,False
student_go50-avoid50,22.413296937942505,0.0245462245020028,runs3\00412,False
student_go75-avoid25,20.68663334846497,0.022207646174049,runs3\00413,False
student_go100-avoid0,93.04211902618408,0.0228992646257605,runs3\00414,False
student_go0-avoid100,88.24335956573486,0.0233688162185497,runs3\00415,False
student_go25-avoid75,82.88756585121155,0.0233541336716582,runs3\00416,False
student_go50-avoid50,18.76852464675904,0.023674454700186,runs3\00417,False
student_go75-avoid25,14.37462592124939,0.0236715293100931,runs3\00418,False
student_go100-avoid0,23.844801664352417,0.0227199952341878,runs3\00419,False
student_go0-avoid100,29.622260332107544,0.0231452244557441,runs3\00420,False
student_go25-avoid75,112.62208962440492,0.0232677098974889,runs3\00421,False
student_go50-avoid50,130.385826587677,0.0228270193457718,runs3\00422,False
student_go75-avoid25,34.61539888381958,0.0228169879936296,runs3\00423,False
student_go100-avoid0,35.87863230705261,0.0230842279894982,runs3\00424,False
student_go0-avoid100,53.50059270858765,0.0242226556778091,runs3\00425,False
student_go25-avoid75,78.80622982978821,0.0223784381883114,runs3\00426,False
student_go50-avoid50,10.335929870605469,0.0235355258498529,runs3\00427,False
student_go75-avoid25,72.93880558013916,0.0238259372579103,runs3\00428,False
student_go100-avoid0,32.48012375831604,0.0230260462877813,runs3\00429,False
student_go0-avoid100,12.624560117721558,0.0234335035596121,runs3\00430,False
student_go25-avoid75,188.7549707889557,0.0230116138847162,runs3\00431,False
student_go50-avoid50,53.48370575904846,0.0229781739742052,runs3\00432,False
student_go75-avoid25,99.47694087028503,0.0232616563291781,runs3\00433,False
student_go100-avoid0,6.2033607959747314,0.0247299423873671,runs3\00434,False
student_go0-avoid100,16.47150993347168,0.0250194970472156,runs3\00435,False
student_go25-avoid75,55.7213397026062,0.0225868871223437,runs3\00436,False
student_go50-avoid50,6.876241683959961,0.0251165502850476,runs3\00437,False
student_go75-avoid25,15.723364114761353,0.0245564178337382,runs3\00438,False
student_go100-avoid0,42.743120193481445,0.0212190464390694,runs3\00439,False
student_go0-avoid100,24.76598334312439,0.0241554112512141,runs3\00440,False
student_go25-avoid75,32.01368021965027,0.0225928397444919,runs3\00441,False
student_go50-avoid50,33.95939588546753,0.0241674574107673,runs3\00442,False
student_go75-avoid25,27.020925760269165,0.0235421440006037,runs3\00443,False
student_go100-avoid0,25.766989707946777,0.0262802706929749,runs3\00444,False
student_go0-avoid100,12.215939044952393,0.0264654121738166,runs3\00445,False
student_go25-avoid75,15.682831048965454,0.0229894443766698,runs3\00446,False
student_go50-avoid50,11.085608005523682,0.0225788152319221,runs3\00447,False
student_go75-avoid25,28.001400232315063,0.0228597917949589,runs3\00448,False
student_go100-avoid0,21.750473022460938,0.0226824138543746,runs3\00449,False
student_go0-avoid100,14.150781393051147,0.0238513684263255,runs3\00450,False
student_go25-avoid75,19.622047424316406,0.0217452333687824,runs3\00451,False
student_go50-avoid50,12.795371294021606,0.0240506499744731,runs3\00452,False
student_go75-avoid25,16.480564832687378,0.023078539037736,runs3\00453,False
student_go100-avoid0,10.416081666946411,0.0224119784830947,runs3\00454,False
student_go0-avoid100,51.65575528144837,0.0237740988744936,runs3\00455,False
student_go25-avoid75,8.71774697303772,0.0226845088514252,runs3\00456,False
student_go50-avoid50,16.54649519920349,0.0227889399611206,runs3\00457,False
student_go75-avoid25,29.96994543075561,0.0242267837743163,runs3\00458,False
student_go100-avoid0,66.41972994804382,0.0242681272378501,runs3\00459,False
student_go0-avoid100,37.3602466583252,0.0228624405459538,runs3\00460,False
student_go25-avoid75,62.23201251029968,0.0239361314921732,runs3\00461,False
student_go50-avoid50,19.62614846229553,0.0221543000203092,runs3\00462,False
student_go75-avoid25,34.689478158950806,0.0233922553212306,runs3\00463,False
student_go100-avoid0,10.590771436691284,0.0242478012362063,runs3\00464,False
student_go0-avoid100,13.417614698410034,0.0236371861791201,runs3\00465,False
student_go25-avoid75,21.72045993804932,0.0238744404562756,runs3\00466,False
student_go50-avoid50,6.287666082382202,0.0307659795184443,runs3\00467,False
student_go75-avoid25,6.178671836853027,0.0316288154933768,runs3\00468,False
student_go100-avoid0,14.34678602218628,0.024622485559602,runs3\00469,False
student_go0-avoid100,11.286577939987184,0.0235930477225298,runs3\00470,False
student_go25-avoid75,30.145867109298703,0.0235016887135393,runs3\00471,False
student_go50-avoid50,51.736215353012085,0.0238398381642345,runs3\00472,False
student_go75-avoid25,11.402425050735474,0.0218005149215293,runs3\00473,False
student_go100-avoid0,11.477191686630247,0.02486187715945,runs3\00474,False
student_go0-avoid100,13.068596124649048,0.0248696474936347,runs3\00475,False
student_go25-avoid75,6.1956706047058105,0.0251619564206851,runs3\00476,False
student_go50-avoid50,98.16564536094666,0.0226153380921439,runs3\00477,False
student_go75-avoid25,37.44933772087097,0.0230490132967092,runs3\00478,False
student_go100-avoid0,47.54033827781677,0.0226963649874383,runs3\00479,False
student_go0-avoid100,16.517061948776245,0.0244489887844226,runs3\00480,False
student_go25-avoid75,21.65785813331604,0.0246853533416933,runs3\00481,False
student_go50-avoid50,29.48557758331299,0.0239206084807991,runs3\00482,False
student_go75-avoid25,14.961407899856567,0.0236044992315889,runs3\00483,False
student_go100-avoid0,88.66820359230042,0.0231853278908935,runs3\00484,False
student_go0-avoid100,6.334734916687012,0.0285784912426757,runs3\00485,False
student_go25-avoid75,6.983115911483765,0.0368098844547639,runs3\00486,False
student_go50-avoid50,11.931507349014282,0.0248552695597731,runs3\00487,False
student_go75-avoid25,19.43207597732544,0.0255822606205978,runs3\00488,False
student_go100-avoid0,6.106610536575317,0.0226206553273427,runs3\00489,False
student_go0-avoid100,40.844478130340576,0.0236340315773091,runs3\00490,False
student_go25-avoid75,149.45530366897583,0.0240154058126959,runs3\00491,False
student_go50-avoid50,43.54492735862732,0.0235668967476895,runs3\00492,False
student_go75-avoid25,21.003121614456177,0.0246376379827001,runs3\00493,False
student_go100-avoid0,19.28832411766052,0.0247730874394439,runs3\00494,False
student_go0-avoid100,17.337809801101685,0.0243591143136844,runs3\00495,False
student_go25-avoid75,25.311266899108887,0.0241014037689865,runs3\00496,False
student_go50-avoid50,19.734747886657715,0.0242453400024997,runs3\00497,False
student_go75-avoid25,13.273178577423096,0.022675962047845,runs3\00498,False
student_go100-avoid0,40.609907388687134,0.0237267136604092,runs3\00499,False
student_go0-avoid100,64.01563477516174,0.023204160900557,runs3\00500,False
student_go25-avoid75,15.390918254852297,0.0246590461855035,runs3\00501,False
student_go50-avoid50,25.90603923797608,0.0238439300784993,runs3\00502,False
student_go75-avoid25,25.1384916305542,0.0231417917403299,runs3\00503,False
student_go100-avoid0,17.364350080490112,0.0248154657788715,runs3\00504,False
student_go0-avoid100,28.188015460968018,0.0245804975122404,runs3\00505,False
student_go25-avoid75,82.76749968528748,0.02344648493818,runs3\00506,False
student_go50-avoid50,50.447179317474365,0.0241563662821097,runs3\00507,False
student_go75-avoid25,60.17566871643066,0.0235219967621528,runs3\00508,False
student_go100-avoid0,18.412336349487305,0.0231220875981694,runs3\00509,False
student_go0-avoid100,70.86816263198853,0.0233501140693392,runs3\00510,False
student_go25-avoid75,17.96752429008484,0.023967520997578,runs3\00511,False
student_go50-avoid50,29.598042249679565,0.0248026361081142,runs3\00512,False
student_go75-avoid25,48.1382474899292,0.0231047572193761,runs3\00513,False
student_go100-avoid0,9.564931869506836,0.0228827907573041,runs3\00514,False
student_go0-avoid100,18.91167640686035,0.0262404150611966,runs3\00515,False
student_go25-avoid75,17.40375804901123,0.0237799956295943,runs3\00516,False
student_go50-avoid50,39.61684894561768,0.0228751825230289,runs3\00517,False
student_go75-avoid25,17.31649613380432,0.0219686564639307,runs3\00518,False
student_go100-avoid0,50.18701457977295,0.0237660850103587,runs3\00519,False
student_go0-avoid100,19.45599794387817,0.0237129036671459,runs3\00520,False
student_go25-avoid75,58.163243770599365,0.0242632325131238,runs3\00521,False
student_go50-avoid50,16.73129391670227,0.0289893121340277,runs3\00522,False
student_go75-avoid25,30.41987895965576,0.0248630679177938,runs3\00523,False
student_go100-avoid0,51.78280997276306,0.0234803800856875,runs3\00524,False
student_go0-avoid100,28.25144743919373,0.0234335353147251,runs3\00525,False
student_go25-avoid75,12.4910728931427,0.0214228901310529,runs3\00526,False
student_go50-avoid50,26.44068384170532,0.0243253805200832,runs3\00527,False
student_go75-avoid25,34.846699476242065,0.0232703156947882,runs3\00528,False
student_go100-avoid0,27.050139904022217,0.0229399919902003,runs3\00529,False
student_go0-avoid100,11.71128249168396,0.0246554748190281,runs3\00530,False
student_go25-avoid75,23.185031414031982,0.0240425423466314,runs3\00531,False
student_go50-avoid50,9.669383525848389,0.0237422418793592,runs3\00532,False
student_go75-avoid25,12.763442039489746,0.0251336066300276,runs3\00533,False
student_go100-avoid0,41.55283570289612,0.0237587714827885,runs3\00534,False
student_go0-avoid100,13.283802032470703,0.0240634255692873,runs3\00535,False
student_go25-avoid75,32.428001403808594,0.0235323980043507,runs3\00536,False
student_go50-avoid50,249.70923948287964,0.0237974920122614,runs3\00537,False
student_go75-avoid25,61.6404402256012,0.0232333815199221,runs3\00538,False
student_go100-avoid0,23.01386404037476,0.0246905424516391,runs3\00539,False
student_go0-avoid100,43.31375455856323,0.0240794950664238,runs3\00540,False
student_go25-avoid75,38.04796075820923,0.0245819084347811,runs3\00541,False
student_go50-avoid50,53.432230949401855,0.0248799572378822,runs3\00542,False
student_go75-avoid25,10.543188333511353,0.0234789809196001,runs3\00543,False
student_go100-avoid0,30.52991223335266,0.0242424827201518,runs3\00544,False
student_go0-avoid100,16.215564012527466,0.0305349796277764,runs3\00545,False
student_go25-avoid75,12.794713497161863,0.025194313953143,runs3\00546,False
student_go50-avoid50,10.721790552139282,0.0244549869469146,runs3\00547,False
student_go50-avoid50,21.59903311729431,0.0260424596590996,runs3\00542,False
student_go75-avoid25,5.514322519302368,0.023066736042761,runs3\00543,False
student_go100-avoid0,6.587104797363281,0.0,runs3\00544,False
student_go0-avoid100,6.743530750274658,0.17702272623930826,runs3\00545,False
student_go25-avoid75,133.64677214622498,0.16936460320615643,runs3\00546,True
student_go50-avoid50,10.814380407333374,0.0,runs3\00547,True
