react_avg,react_std,cycle_avg,cycle_std,runtime_min,picdir,name
0.1223676477159772,0.0083390939691649,0.1743661515852984,0.0083390939691649,0.0988074858983357,runs4\00000,random_bull
0.1250613530476888,0.0095722797612738,0.1802551078796386,0.0095722797612738,0.1502125898996989,runs4\00001,random-model
0.2664808591206868,0.0054249571931154,0.3222590855189732,0.0054249571931154,0.0751937866210937,runs4\00002,tflite-ensemble
0.1241275753293718,0.0081219158317261,0.1754777873003924,0.0081219158317261,0.0789650042851766,runs4\00003,random_bull
0.1259251412223367,0.008526103324476,0.1837532231301972,0.008526103324476,0.1010642727216084,runs4\00004,random-model
0.2773559141159057,0.0184929912233817,0.3317668097359793,0.0184929912233817,0.2709428946177165,runs4\00005,tflite-ensemble
0.1257075156484331,0.0115466796583412,0.173895067638821,0.0115466796583412,0.0782527804374694,runs4\00006,random_bull
0.1247185757665923,0.0078190047936025,0.1839382281670203,0.0078190047936025,0.1992664138476053,runs4\00007,random-model
0.271579106648763,0.012447266174726,0.3280891520636422,0.012447266174726,0.0765541354815165,runs4\00008,tflite-ensemble
0.1252381994917586,0.0101320832210777,0.1870038150108023,0.0101320832210777,0.2275213082631429,runs4\00009,random_bull
0.1233254075050354,0.0045920419385981,0.1758354239993625,0.0045920419385981,0.0791259407997131,runs4\00010,random-model
0.272019608815511,0.0132638719183004,0.3215832710266113,0.0132638719183004,0.0750360965728759,runs4\00011,tflite-ensemble
0.1250804618552879,0.008330309406455,0.1779253849616417,0.008330309406455,0.0771010001500447,runs4\00012,random_bull
0.1259947524351232,0.0107668519694591,0.17984600500627,0.0107668519694591,0.0989153027534484,runs4\00013,random-model
0.2714645226796468,0.0170283353394388,0.3209332057407924,0.0170283353394388,0.0748844146728515,runs4\00014,tflite-ensemble
0.1224725416728428,0.0026575673118022,0.1786116935588695,0.0026575673118022,0.0803752621014912,runs4\00015,random_bull
0.1262377721292001,0.0102074139311272,0.1786969625032865,0.0102074139311272,0.0774353504180908,runs4\00016,random-model
0.2710254351298014,0.0138122388158915,0.3213242973600115,0.0138122388158915,0.0749756693840026,runs4\00017,tflite-ensemble
0.1225860648685031,0.0024958450701839,0.1798280844321617,0.0024958450701839,0.0779255032539367,runs4\00018,random_bull
0.1185297719363508,0.0229557539652777,0.1706395489828927,0.0229557539652777,0.0796317895253499,runs4\00019,random-model
0.2652112483978271,0.0063202486837734,0.3190522193908691,0.0063202486837734,0.0744455178578694,runs4\00020,tflite-ensemble
0.1236554428383156,0.0079388380636295,0.1768816709518432,0.0079388380636295,0.076648724079132,runs4\00021,random_bull
0.1224326491355896,0.0024150463519792,0.1748631088821976,0.0024150463519792,0.0786883989969889,runs4\00022,random-model
0.274148162206014,0.0121718864668437,0.3254689318793161,0.0121718864668437,0.0759427507718404,runs4\00023,tflite-ensemble
0.1247908955528622,0.0067394192711397,0.1859404226628745,0.0067394192711397,0.1270592888196309,runs4\00024,random_bull
0.1248569772357032,0.0061766697145413,0.1833217492917689,0.0061766697145413,0.125269862016042,runs4\00025,random-model
0.2749436855316162,0.0164064956238651,0.32857460635049,0.0164064956238651,0.0766674081484476,runs4\00026,tflite-ensemble
0.1244284753446225,0.0080460054645995,0.1831046251150277,0.0080460054645995,0.0793453375498453,runs4\00027,random_bull
0.1241174009111192,0.0078792945714828,0.180017012816209,0.0078792945714828,0.0780073722203572,runs4\00028,random-model
0.2787401576836903,0.0174776839444185,0.3346894694046235,0.0174776839444185,0.3960492054621378,runs4\00029,tflite-ensemble
0.123036331600613,0.0015952750032205,0.1879091904713557,0.0015952750032205,0.0814273158709208,runs4\00030,random_bull
0.1225883406262065,0.0024896881889443,0.181685589608692,0.0024896881889443,0.1271799127260844,runs4\00031,random-model
0.2764048472694728,0.0165356512237256,0.3326943238576253,0.0165356512237256,0.249520742893219,runs4\00032,tflite-ensemble
0.1253422532762799,0.0095235650481488,0.1760152648476993,0.0095235650481488,0.0997419834136962,runs4\00033,random_bull
0.1240201363196739,0.005503951342874,0.1784045883253509,0.005503951342874,0.1516439000765482,runs4\00034,random-model
0.2729865392049154,0.0177597444311406,0.3252834251948765,0.0177597444311406,0.0758994658788045,runs4\00035,tflite-ensemble
0.1227850207576045,0.0023143003313363,0.1754522231908944,0.0023143003313363,0.0760292967160542,runs4\00036,random_bull
0.1243021271445534,0.007532019046771,0.1851021546583909,0.007532019046771,0.2005273342132568,runs4\00037,random-model
0.2782759396926216,0.0173554450012029,0.3346767696230692,0.0173554450012029,1.2773496707280476,runs4\00038,tflite-ensemble
0.1241147518157959,0.0065733500002757,0.1743230764255967,0.0065733500002757,0.1249315381050109,runs4\00039,random_bull
0.1231012432663529,0.0022696451332341,0.1818007139059213,0.0022696451332341,0.0787803093592325,runs4\00040,random-model
0.2726203358691672,0.0136328571352133,0.3264086038037076,0.0136328571352133,0.9955462416013082,runs4\00041,tflite-ensemble
0.122849702835083,0.0023242179120457,0.1784965991973877,0.0023242179120457,0.0803234696388244,runs4\00042,random_bull
0.1226506763034396,0.0018461454720476,0.1799109257184542,0.0018461454720476,0.0779614011446634,runs4\00043,random-model
0.271930726369222,0.0143606674515194,0.3266034126281738,0.0143606674515194,0.0762074629465738,runs4\00044,tflite-ensemble
0.1230561392647879,0.004653313841491,0.1740956571367052,0.004653313841491,0.0783430457115173,runs4\00045,random_bull
0.1238875474248613,0.0071095433859157,0.1744479956450285,0.0071095433859157,0.0785015980402628,runs4\00046,random-model
0.2737565676371256,0.0144752752865379,0.3302264724458967,0.0144752752865379,0.0770528435707092,runs4\00047,tflite-ensemble
0.1241280777113778,0.0070881492443483,0.177319535502681,0.0070881492443483,0.0797937909762064,runs4\00048,random_bull
0.1227855417463514,0.0022920740147979,0.1794363535367525,0.0022920740147979,0.0777557531992594,runs4\00049,random-model
0.2738352139790853,0.0161123657007065,0.328420775277274,0.0161123657007065,0.0766315142313639,runs4\00050,tflite-ensemble
0.1244701848310582,0.0071847278658149,0.1812550371343439,0.0071847278658149,0.0996902704238891,runs4\00051,random_bull
0.1242840119770595,0.0079255332496731,0.1755536662207709,0.0079255332496731,0.0789991497993469,runs4\00052,random-model
0.2758351305256719,0.0147664855624298,0.3328935666517778,0.0147664855624298,0.1220609744389851,runs4\00053,tflite-ensemble
0.1243028285095046,0.0076832394544886,0.1833989302317301,0.0076832394544886,0.5501967906951905,runs4\00054,random_bull
0.1217755918149594,0.0053596293102149,0.1713449679888211,0.0053596293102149,0.0742494861284891,runs4\00055,random-model
0.2760096232096354,0.0161211221066927,0.3243999992098127,0.0161211221066927,0.0756933331489563,runs4\00056,tflite-ensemble
0.1231965933527265,0.0053730508605585,0.1689347072883888,0.0053730508605585,0.0760206182797749,runs4\00057,random_bull
0.123481388092041,0.0064553167659928,0.1770658011388297,0.0064553167659928,0.292158571879069,runs4\00058,random-model
0.2814199924468994,0.0135272548238307,0.3295042855398996,0.0135272548238307,0.0768843332926432,runs4\00059,tflite-ensemble
0.1223800094039351,0.0017583999646247,0.1738170018562903,0.0017583999646247,0.0753207008043925,runs4\00060,random_bull
0.1240881255694798,0.0083210720873762,0.1743247244093153,0.0083210720873762,0.0784461259841919,runs4\00061,random-model
0.2746511434253893,0.0154369504169073,0.3267856126135968,0.0154369504169073,0.5119641264279683,runs4\00062,tflite-ensemble
0.1234690802437918,0.0036555127841508,0.1735175450642903,0.0036555127841508,0.0780828952789306,runs4\00063,random_bull
0.1258148882124159,0.0095176062172085,0.1827410551217886,0.0095176062172085,0.079187790552775,runs4\00064,random-model
0.280973211924235,0.0160170426215798,0.3366072177886963,0.0160170426215798,0.0785416841506958,runs4\00065,tflite-ensemble
0.1237807980290165,0.0023494164520308,0.1805166464585524,0.0023494164520308,0.0782238801320393,runs4\00066,random_bull
0.1231125549033836,0.0028207278790819,0.1806921592125525,0.0028207278790819,0.0782999356587727,runs4\00067,random-model
0.2716105461120605,0.015330720468027,0.3234796353748866,0.015330720468027,0.0754785815874735,runs4\00068,tflite-ensemble
0.123276854670325,0.005788156563867,0.1762737489881969,0.005788156563867,0.1233916242917378,runs4\00069,random_bull
0.1243124085923899,0.0065730470263983,0.1795947001530574,0.0065730470263983,0.272385295232137,runs4\00070,random-model
0.281213104724884,0.0186274497532643,0.3345456388261583,0.0186274497532643,0.1505455374717712,runs4\00071,tflite-ensemble
0.1230879766600472,0.002664416026379,0.1760105203699182,0.002664416026379,0.0792047341664632,runs4\00072,random_bull
0.1252850334425479,0.0093539767999961,0.1834873053634051,0.0093539767999961,0.6299730817476908,runs4\00073,random-model
0.2794303735097249,0.01745478392963,0.3355198928288051,0.01745478392963,0.0782879749933878,runs4\00074,tflite-ensemble
0.1228634339791757,0.0023952529012809,0.1793015828499427,0.0023952529012809,0.0776973525683085,runs4\00075,random_bull
0.1503491288139706,0.0048877847013583,0.2661854147911072,0.0048877847013583,0.0887284715970357,runs4\00076,random-model
0.4936811129252116,0.0357587479188622,0.6026800508084504,0.0357587479188622,0.231027352809906,runs4\00077,tflite-ensemble
0.1546536803245544,0.0155153110570103,0.2664577835484555,0.0155153110570103,0.0843782981236775,runs4\00078,random_bull
0.1557515815452293,0.0220996618522329,0.2657425036797157,0.0220996618522329,0.1151550849278768,runs4\00079,random-model
0.5328375399112701,0.0446720495675048,0.6390327385493687,0.0446720495675048,0.0745538194974263,runs4\00080,tflite-ensemble
0.1541418620518275,0.0158312487522676,0.2664162411409266,0.0158312487522676,0.1509692033131917,runs4\00081,random_bull
0.1555310249328613,0.0219731167684582,0.2600168930856805,0.0219731167684582,0.0823386828104655,runs4\00082,random-model
0.7314469814300537,0.4856076912756392,0.8680054744084676,0.4856076912756392,0.0868005474408467,runs4\00083,tflite-ensemble
0.1542063313861225,0.0170309363059048,0.2651627290816534,0.0170309363059048,0.1856139103571573,runs4\00084,random_bull
0.151945741088302,0.0116108356235222,0.2597748132852407,0.0116108356235222,0.1125690857569376,runs4\00085,random-model
0.4882323145866394,0.0469418181942959,0.5942069802965436,0.0469418181942959,0.0693241477012634,runs4\00086,tflite-ensemble
0.1518122792243957,0.0047344057909422,0.2671282667862741,0.0047344057909422,0.0845906178156534,runs4\00087,random_bull
0.1497535586357116,0.0064441248409104,0.26326500742059,0.0064441248409104,0.0833672523498535,runs4\00088,random-model
0.5012822945912679,0.0323135836292667,0.6089368760585785,0.0323135836292667,0.0811915834744771,runs4\00089,tflite-ensemble
0.1569312453269958,0.0177584795900597,0.2658335660633288,0.0177584795900597,0.0841806292533874,runs4\00090,random_bull
0.1537250543044785,0.0143222731073388,0.2645238596817543,0.0143222731073388,0.2557063976923625,runs4\00091,random-model
0.5099809434678819,0.0403909954576991,0.6169204115867615,0.0403909954576991,0.0822560548782348,runs4\00092,tflite-ensemble
0.1546835422515869,0.0187049199165427,0.2613235398342735,0.0187049199165427,0.0827524542808532,runs4\00093,random_bull
0.1514571331165455,0.0128760991376403,0.2637448952748225,0.0128760991376403,0.1142894546190897,runs4\00094,random-model
0.4936367140875922,0.0298370249763699,0.610340803861618,0.0298370249763699,0.0813787738482157,runs4\00095,tflite-ensemble
0.1560012221336364,0.0217885427373536,0.2669172914404618,0.0217885427373536,0.0845238089561462,runs4\00096,random_bull
0.1518009730747767,0.0047141089472515,0.2671648025512695,0.0047141089472515,0.0890549341837565,runs4\00097,random-model
0.528435366494315,0.0540841112154685,0.6438189506530761,0.0540841112154685,0.2146063168843587,runs4\00098,tflite-ensemble
0.1547758352188837,0.0164928114277458,0.2580525636672973,0.0164928114277458,0.0860175212224324,runs4\00099,random_bull
0.1562064170837402,0.0171460165354421,0.2593940433702971,0.0171460165354421,0.0821414470672607,runs4\00100,random-model
0.5119034184349908,0.0403633445939816,0.6146633625030518,0.0403633445939816,0.0819551150004069,runs4\00101,tflite-ensemble
0.1540513277053833,0.0139962851252574,0.2664874101939954,0.0139962851252574,0.0843876798947652,runs4\00102,random_bull
0.1574146389961242,0.0217571595274425,0.2617702735097785,0.0217571595274425,0.0828939199447631,runs4\00103,random-model
0.5102334136054629,0.0428968804207306,0.6237443089485168,0.0428968804207306,0.2079147696495056,runs4\00104,tflite-ensemble
0.1532377742585681,0.0196413388673317,0.2567375779151916,0.0196413388673317,0.0855791926383972,runs4\00105,random_bull
0.1562323331832885,0.019355869740965,0.2589029512907329,0.019355869740965,0.0819859345753987,runs4\00106,random-model
0.5262934896681044,0.0228811277648489,0.6300043761730194,0.0228811277648489,0.0840005834897359,runs4\00107,tflite-ensemble
0.1535952999478294,0.0095460110475263,0.2646060347557067,0.0095460110475263,0.0882020115852355,runs4\00108,random_bull
0.152383736201695,0.0131398521301871,0.2625055874095243,0.0131398521301871,0.1487531661987304,runs4\00109,random-model
0.5271395146846771,0.0448709680458819,0.6532071317945208,0.0448709680458819,0.0762074987093607,runs4\00110,tflite-ensemble
0.1549414992332458,0.0155319388117049,0.2665792766370271,0.0155319388117049,0.0844167709350585,runs4\00111,random_bull
0.1579229377564929,0.0230875305307155,0.2651899933815002,0.0230875305307155,0.0883966644605,runs4\00112,random-model
0.5323571099175347,0.0476236033682593,0.6381603181362152,0.0476236033682593,0.085088042418162,runs4\00113,tflite-ensemble
0.1531493582967984,0.0128992173678726,0.2674866339256023,0.0128992173678726,0.2585704127947489,runs4\00114,random_bull
0.1539095242818196,0.0122826916610941,0.266050922870636,0.0122826916610941,0.0886836409568786,runs4\00115,random-model
0.5335658192634583,0.0622925216000866,0.635979413986206,0.0622925216000866,0.0741975982983907,runs4\00116,tflite-ensemble
0.1535759568214416,0.014988723830431,0.2630806220205207,0.014988723830431,0.0833088636398315,runs4\00117,random_bull
0.1535354455312093,0.016338075661884,0.2648287653923035,0.016338075661884,0.0882762551307678,runs4\00118,random-model
0.504982074101766,0.0182449679930424,0.6185970902442932,0.0182449679930424,0.0824796120325724,runs4\00119,tflite-ensemble
0.1537130760109943,0.0153685296348001,0.2792789543068016,0.0153685296348001,0.4235730806986491,runs4\00120,random_bull
0.1559352988288516,0.0213547598975575,0.2617194414138794,0.0213547598975575,0.0872398138046264,runs4\00121,random-model
0.5256057679653168,0.0376664055029249,0.6313537529536656,0.0376664055029249,0.0736579378445943,runs4\00122,tflite-ensemble
0.1580953711555117,0.0213284345845506,0.2630833387374878,0.0213284345845506,0.0876944462458292,runs4\00123,random_bull
0.1490707283928281,0.0039361537728666,0.2576806306838989,0.0039361537728666,0.0858935435612996,runs4\00124,random-model
0.1299481227480132,0.0092567557977179,0.2031614354678562,0.0092567557977179,0.0948086698849996,runs4\00126,random_bull
0.1180976799556187,0.006133128484748,0.1529715149490921,0.006133128484748,0.0688371817270914,runs4\00127,random_bull
0.1163717678615025,0.0031639132436742,0.1539469736593741,0.0031639132436742,0.0692761381467183,runs4\00128,random_bull
0.115565436226981,0.0032647011982252,0.1526443163553873,0.0032647011982252,0.0686899423599243,runs4\00129,random_bull
0.1204145806176321,0.0081176829847954,0.1680906966880515,0.0081176829847954,0.0756408135096232,runs4\00130,random_bull
0.1220479692731584,0.0029513803391105,0.1736941337585449,0.0029513803391105,0.0781623601913452,runs4\00132,random_bull
0.1159402264489068,0.0031419777163962,0.1540288650072538,0.0031419777163962,0.0667458415031433,runs4\00133,random_bull
0.1200193454479349,0.0030171227062135,0.1645351988928658,0.0030171227062135,0.0767830928166707,runs4\00134,random_bull
0.1214560932583279,0.0075637557448719,0.1673404803642859,0.0075637557448719,0.0725142081578572,runs4\00135,random_bull
0.1215253484015371,0.0038308474977554,0.1753846502304077,0.0038308474977554,0.1461538751920064,runs4\00136,random_bull
0.1222000632967267,0.0078081992913583,0.1708667366592972,0.0078081992913583,0.0768900314966837,runs4\00137,random_bull
0.1222375461033412,0.0076583743704546,0.1720153314095956,0.0076583743704546,0.077406899134318,runs4\00138,random_bull
0.1216270242418561,0.0042584120291336,0.1713602366270842,0.0042584120291336,0.0771121064821879,runs4\00139,random_bull
0.1226734210704935,0.0045102655541103,0.1700655647686549,0.0045102655541103,0.0793639302253723,runs4\00140,random_bull
0.124943990685624,0.0084171005027635,0.1849676755254819,0.0084171005027635,1.347181236743927,runs4\00141,random_bull
0.1222238622862717,0.0054566245088206,0.1687890206064496,0.0054566245088206,0.0787682096163431,runs4\00142,random_bull
0.1225652950150626,0.0073923162748975,0.1720582732447871,0.0073923162748975,0.0774262229601542,runs4\00143,random_bull
0.1227105821881975,0.0058680893139462,0.1732412576675415,0.0058680893139462,0.0981700460116068,runs4\00144,random_bull
0.1226577847092239,0.0069533227738873,0.1735220413941603,0.0069533227738873,0.0751928846041361,runs4\00145,random_bull
0.1232197108092131,0.0067049147685799,0.1714272590783926,0.0067049147685799,0.0742851456006368,runs4\00146,random_bull
0.1229697721345084,0.0086799156617412,0.1738955091547083,0.0086799156617412,0.0782529791196187,runs4\00147,random_bull
0.1244926781489931,0.0053961860595574,0.1720531071935381,0.0053961860595574,0.0802914500236511,runs4\00148,random_bull
0.1265236626208668,0.0068231921731145,0.1801273993083409,0.0068231921731145,0.2101486325263977,runs4\00149,random_bull
0.1221393006188528,0.0066531833918574,0.1731080125879358,0.0066531833918574,0.0778986056645711,runs4\00150,random_bull
0.1213879338626203,0.0020676129202216,0.1702939186777387,0.0020676129202216,0.0794704953829447,runs4\00151,random_bull
0.1221771325383867,0.0055403021566255,0.1731055489292851,0.0055403021566255,0.0778974970181783,runs4\00152,random_bull
0.1223216312272208,0.0070082569171364,0.1728321534615975,0.0070082569171364,0.0777744690577189,runs4\00153,random_bull
0.1244512711252485,0.0118998111618298,0.1739577010825828,0.0118998111618298,0.0782809654871622,runs4\00154,random_bull
0.1219887818608965,0.005880090716772,0.1709241955368607,0.005880090716772,0.0769158879915873,runs4\00155,random_bull
0.1227021813392639,0.0083855551483489,0.1720189695005063,0.0083855551483489,0.0774085362752278,runs4\00156,random_bull
0.1225690245628357,0.0059296036549379,0.1717877917819553,0.0059296036549379,0.0773045063018798,runs4\00157,random_bull
0.1230079276221139,0.0064045654389513,0.1727162996927897,0.0064045654389513,0.0777223348617553,runs4\00158,random_bull
0.1206169786124393,0.001731672340986,0.1696655665125165,0.001731672340986,0.0791772643725077,runs4\00159,random_bull
0.1214250723520914,0.0005578631111169,0.1724284887313842,0.0005578631111169,0.0057476162910461,runs4\00160,random_bull
0.1267126401265462,0.0079321588649471,0.1678674221038818,0.0079321588649471,0.005595580736796,runs4\00161,random_bull
0.122516393661499,0.0006522652158018,0.1724976301193237,0.0006522652158018,0.0057499210039774,runs4\00162,random_bull
0.1237451235453287,0.0024171325771128,0.1690199375152588,0.0024171325771128,0.0056339979171752,runs4\00163,random_bull
0.1234505971272786,0.0017165599515802,0.1835060119628906,0.0017165599515802,0.0061168670654296,runs4\00164,random_bull
0.1222074826558431,0.0008539309330651,0.1699334383010864,0.0008539309330651,0.0056644479433695,runs4\00165,random_bull
0.1238245169321696,0.0027814815240311,0.1756784915924072,0.0027814815240311,0.0058559497197469,runs4\00166,random_bull
0.1291024684906005,0.0059355812455211,0.1877762079238891,0.0059355812455211,0.0062592069307963,runs4\00167,random_bull
0.1259497006734212,0.0014674238584783,0.183117389678955,0.0014674238584783,0.0061039129892985,runs4\00168,random_bull
0.1233444213867187,0.0024441880236109,0.1782110929489135,0.0024441880236109,0.0059403697649637,runs4\00169,random_bull
0.1263611316680908,0.0029261400076623,0.1682064533233642,0.0029261400076623,0.0056068817774454,runs4\00170,random_bull
0.1252562999725341,0.0044103203690618,0.1671230792999267,0.0044103203690618,0.0055707693099975,runs4\00171,random_bull
0.1266905466715494,0.002484558371908,0.1853638887405395,0.002484558371908,0.0061787962913513,runs4\00172,random_bull
0.1273919741312662,0.004407598462339,0.175521969795227,0.004407598462339,0.0058507323265075,runs4\00173,random_bull
0.1249386469523112,0.0020671012018374,0.1771612167358398,0.0020671012018374,0.0059053738911946,runs4\00174,random_bull
0.1286881764729817,0.0020419101792927,0.1881598234176635,0.0020419101792927,0.0062719941139221,runs4\00175,random_bull
0.126415729522705,0.0026712560673164,0.1894184350967407,0.0026712560673164,0.006313947836558,runs4\00176,random_bull
0.1284600098927815,0.0047801139982657,0.1823302507400512,0.0047801139982657,0.0060776750246683,runs4\00177,random_bull
0.1264179547627767,0.0016502489390252,0.1836090087890625,0.0016502489390252,0.0061203002929687,runs4\00178,random_bull
0.126878023147583,0.0026377932316178,0.1838274002075195,0.0026377932316178,0.0061275800069173,runs4\00179,random_bull
0.1259074211120605,0.0026643691923751,0.1814396381378173,0.0026643691923751,0.0060479879379272,runs4\00180,random_bull
0.1270671685536702,0.0035046624278607,0.1813786029815673,0.0035046624278607,0.0060459534327189,runs4\00181,random_bull
0.1224496364593505,0.0020800268952,0.1773860454559326,0.0020800268952,0.0059128681818644,runs4\00182,random_bull
0.1246341864267985,0.0027691910765306,0.1759959459304809,0.0027691910765306,0.005866531531016,runs4\00183,random_bull
0.1246689160664876,0.0031561110934756,0.1759853363037109,0.0031561110934756,0.0058661778767903,runs4\00184,random_bull
0.1237290700276692,0.000510928598312,0.1720350980758667,0.000510928598312,0.0057345032691955,runs4\00185,random_bull
0.1268243789672851,0.0031918706892646,0.1844393014907837,0.0031918706892646,0.0061479767163594,runs4\00186,random_bull
0.1288902759552002,0.0035159399753537,0.1854631900787353,0.0035159399753537,0.0061821063359578,runs4\00187,random_bull
0.1228980223337809,0.0028763932664576,0.1722501516342163,0.0028763932664576,0.0057416717211405,runs4\00188,random_bull
0.1248056888580322,0.0038946932551574,0.1766656637191772,0.0038946932551574,0.0058888554573059,runs4\00189,random_bull
0.124273141225179,0.0027887650716822,0.1667871475219726,0.0027887650716822,0.0055595715840657,runs4\00190,random_bull
0.1216533184051513,0.0015763680779436,0.168180227279663,0.0015763680779436,0.0056060075759887,runs4\00191,random_bull
0.1252026557922363,0.0013315600731085,0.1710968017578125,0.0013315600731085,0.0057032267252604,runs4\00192,random_bull
0.123204231262207,0.0013839677655201,0.1759605407714843,0.0013839677655201,0.0058653513590494,runs4\00193,random_bull
0.124534527460734,0.002269700347217,0.1696290969848632,0.002269700347217,0.0056543032328287,runs4\00194,random_bull
0.123240311940511,0.0020743229577261,0.1683887243270874,0.0020743229577261,0.0056129574775695,runs4\00195,random_bull
0.1235180695851643,0.0021304072680536,0.1643967628479004,0.0021304072680536,0.00547989209493,runs4\00196,random_bull
0.1225165526072184,0.0016521871664199,0.1758909225463867,0.0016521871664199,0.0058630307515462,runs4\00197,random_bull
0.1218684514363606,0.0010454621134314,0.1771045923233032,0.0010454621134314,0.0059034864107767,runs4\00198,random_bull
0.1242757638295491,0.0017329122789884,0.1762069463729858,0.0017329122789884,0.0058735648790995,runs4\00199,random_bull
0.1234301726023356,0.0020167331900791,0.1648179292678833,0.0020167331900791,0.0054939309755961,runs4\00200,random_bull
0.1288084983825683,0.0009075474120803,0.184205412864685,0.0009075474120803,0.0061401804288228,runs4\00201,random_bull
0.1273403962453206,0.002685757968839,0.1856927871704101,0.002685757968839,0.006189759572347,runs4\00202,random_bull
0.1256187756856282,0.0021954040222684,0.16925048828125,0.0021954040222684,0.0056416829427083,runs4\00203,random_bull
0.1223308245340983,0.0015614579887827,0.1740267276763916,0.0015614579887827,0.0058008909225463,runs4\00204,random_bull
0.1261674563090006,0.0032720661131534,0.1791067123413086,0.0032720661131534,0.0059702237447102,runs4\00205,random_bull
0.1235397656758626,0.0029263261251382,0.1656610965728759,0.0029263261251382,0.0055220365524291,runs4\00206,random_bull
0.1249841849009196,0.001456315956331,0.1809470653533935,0.001456315956331,0.0060315688451131,runs4\00207,random_bull
0.126363197962443,0.0035488776822442,0.1841459274291992,0.0035488776822442,0.0061381975809733,runs4\00208,random_bull
0.1232592264811198,0.0015325303731211,0.1739386320114135,0.0015325303731211,0.0057979544003804,runs4\00209,random_bull
0.1237439314524332,0.0017747668957091,0.177264928817749,0.0017747668957091,0.0059088309605916,runs4\00210,random_bull
0.1279656887054443,0.0043679621131485,0.1714087724685669,0.0043679621131485,0.0057136257489522,runs4\00211,random_bull
0.1260860761006673,0.004507322940387,0.1804150342941284,0.004507322940387,0.0060138344764709,runs4\00212,random_bull
0.1278009414672851,0.0067730102557466,0.1847997903823852,0.0067730102557466,0.0061599930127461,runs4\00213,random_bull
0.1239726543426513,0.0001358513164279,0.1730886697769165,0.0001358513164279,0.0057696223258972,runs4\00214,random_bull
0.1263422171274821,0.0018271543074127,0.1735992431640625,0.0018271543074127,0.005786641438802,runs4\00215,random_bull
0.1248851617177327,0.0024659909391336,0.18212890625,0.0024659909391336,0.0060709635416666,runs4\00216,random_bull
0.1247461636861165,0.0036721073637756,0.1755578517913818,0.0036721073637756,0.005851928393046,runs4\00217,random_bull
0.1289057731628418,0.0035966950397499,0.1839245557785034,0.0035966950397499,0.0061308185259501,runs4\00218,random_bull
0.126370350519816,0.001876951959515,0.180755615234375,0.001876951959515,0.0060251871744791,runs4\00219,random_bull
0.1252194245656331,0.0030511333485636,0.1838359832763672,0.0030511333485636,0.0061278661092122,runs4\00220,random_bull
0.1242295900980631,0.0010410711416879,0.1736977100372314,0.0010410711416879,0.0057899236679077,runs4\00221,random_bull
0.1244823137919108,0.0022521634525006,0.1743688583374023,0.0022521634525006,0.0058122952779134,runs4\00222,random_bull
0.1255797545115153,0.0044489427746672,0.1687490940093994,0.0044489427746672,0.0056249698003133,runs4\00223,random_bull
0.123734712600708,0.0022452489730056,0.1835507154464721,0.0022452489730056,0.006118357181549,runs4\00224,random_bull
0.1262592474619547,0.0027908747370865,0.1817359924316406,0.0027908747370865,0.006057866414388,runs4\00225,random_bull
0.1258397102355957,0.0025034269906084,0.1742856502532959,0.0025034269906084,0.0058095216751098,runs4\00226,random_bull
0.1248277823130289,0.0022975095365897,0.1668905019760131,0.0022975095365897,0.0055630167325337,runs4\00227,random_bull
0.1249903837839762,0.0039314339715018,0.1676263809204101,0.0039314339715018,0.0055875460306803,runs4\00228,random_bull
0.1252521673838297,0.0025362349443451,0.1818630695343017,0.0025362349443451,0.00606210231781,runs4\00229,random_bull
0.1250246365865071,0.0021921237556259,0.1711560487747192,0.0021921237556259,0.0057052016258239,runs4\00230,random_bull
0.1249091625213623,0.0024022223664634,0.181996464729309,0.0024022223664634,0.0060665488243103,runs4\00231,random_bull
0.1227320035298665,0.0018659722859125,0.1748397350311279,0.0018659722859125,0.0058279911677042,runs4\00232,random_bull
0.1316129366556803,0.0061891776374827,0.1824653148651123,0.0061891776374827,0.0060821771621704,runs4\00233,random_bull
0.1253966490427653,0.0016864445271921,0.181496262550354,0.0016864445271921,0.0060498754183451,runs4\00234,random_bull
0.1260682741800944,0.0009880697295345,0.1871331930160522,0.0009880697295345,0.006237773100535,runs4\00235,random_bull
0.1236044565836588,0.0022103860175009,0.173624038696289,0.0022103860175009,0.0057874679565429,runs4\00236,random_bull
0.1236191590627034,0.0003591815964475,0.1848621368408203,0.0003591815964475,0.0061620712280273,runs4\00237,random_bull
0.1266944408416748,0.0043119536881236,0.1824249029159546,0.0043119536881236,0.0060808300971984,runs4\00238,random_bull
0.1231094201405843,0.0012432338934604,0.1671867370605468,0.0012432338934604,0.0055728912353515,runs4\00239,random_bull
0.1228221257527669,0.0018913470466377,0.1657437086105346,0.0018913470466377,0.0055247902870178,runs4\00240,random_bull
0.1242878437042236,0.0033265088902586,0.1739698648452758,0.0033265088902586,0.0057989954948425,runs4\00241,random_bull
0.1229426860809326,0.0009223936517474,0.1753684282302856,0.0009223936517474,0.0058456142743428,runs4\00242,random_bull
0.1228198210398356,0.0009212015963706,0.1732536554336547,0.0009212015963706,0.0057751218477884,runs4\00243,random_bull
0.0,0.0,0.0997152924537658,0.0,0.0066476861635843,runs4\00244,random_bull
0.1217808382851736,0.0051344896097111,0.1679242893501564,0.0051344896097111,0.0755659302075704,runs4\00245,random_bull
0.1188641360827854,0.0032458463523987,0.1684501436021593,0.0032458463523987,0.0758025646209716,runs4\00246,random_bull
0.1206584305598818,0.0012249966703105,0.1695907286235264,0.0012249966703105,0.0791423400243123,runs4\00247,random_bull
0.1222358090536935,0.0083206537232506,0.1706266579804597,0.0083206537232506,0.0767819960912068,runs4\00248,random_bull
0.1219232593263898,0.0045799202560953,0.172515798498083,0.0045799202560953,0.0776321093241373,runs4\00249,random_bull
0.1213958756677035,0.0019215020420927,0.1682606850351606,0.0019215020420927,0.0785216530164082,runs4\00250,random_bull
0.1217816046306065,0.0043074492627323,0.1711420836272063,0.0043074492627323,0.0770139376322428,runs4\00251,random_bull
0.1207875864846365,0.0013788211021781,0.171501565862585,0.0013788211021781,0.0771757046381632,runs4\00252,random_bull
0.1212796057973589,0.0017779868986316,0.1737824016147189,0.0017779868986316,0.0782020807266235,runs4\00253,random_bull
0.1224486061504909,0.0068656395621875,0.1704793241288927,0.0068656395621875,0.0767156958580017,runs4\00254,random_bull
0.1233721801212855,0.0090913574331827,0.1725906089500144,0.0090913574331827,0.0776657740275065,runs4\00255,random_bull
0.1240132019437592,0.00460813062473,0.1726440702165876,0.00460813062473,0.0805672327677408,runs4\00256,random_bull
0.1239581874438694,0.002405088963839,0.1836399767133924,0.002405088963839,0.0826379895210266,runs4\00257,random_bull
0.1247184730711437,0.0035692428630957,0.1816490530967712,0.0035692428630957,0.0605496843655904,runs4\00258,random_bull
0.124803510205499,0.0043320538523731,0.1805469138281686,0.0043320538523731,0.0842552264531453,runs4\00259,random_bull
0.1269077346438453,0.0082024895778562,0.1810363531112671,0.0082024895778562,0.060345451037089,runs4\00260,random_bull
0.1247077728139943,0.0042785342545018,0.1795069064412798,0.0042785342545018,0.0837698896725972,runs4\00261,random_bull
0.1236578623453776,0.0044429943579578,0.1762035131454467,0.0044429943579578,0.0587345043818155,runs4\00262,random_bull
0.125542316171858,0.0080773956146155,0.1834632056100028,0.0080773956146155,0.1070202032725016,runs4\00263,random_bull
0.1267329817232878,0.0051781882322565,0.185508738623725,0.0051781882322565,0.1391315539677937,runs4\00264,random_bull
0.1272944828559612,0.0130865798199643,0.1841237034116472,0.0130865798199643,0.0859243949254353,runs4\00265,random_bull
0.1290282134352059,0.0114997016605901,0.1875387600490025,0.0114997016605901,0.0875180880228678,runs4\00266,random_bull
0.1280203206198556,0.0088521424609648,0.1875920030805799,0.0088521424609648,0.0844164013862609,runs4\00267,random_bull
0.1278520616991766,0.0104153466407826,0.1815959385463169,0.0104153466407826,0.0847447713216145,runs4\00268,random_bull
0.1263037467825001,0.0050731344680664,0.1811540041651044,0.0050731344680664,0.0845385352770487,runs4\00269,random_bull
0.1235123134794689,0.0027270770108868,0.1797967433929443,0.0027270770108868,0.0599322477976481,runs4\00270,random_bull
0.12634094008084,0.0092862001335518,0.1792481882231576,0.0092862001335518,0.0836491545041402,runs4\00271,random_bull
0.1247518802511281,0.0058259898524417,0.1764642596244812,0.0058259898524417,0.0823499878247579,runs4\00272,random_bull
0.1249501620020185,0.0037929515971856,0.1803481667130081,0.0037929515971856,0.0811566750208536,runs4\00273,random_bull
0.122718904699598,0.0021799739183014,0.1817251841227213,0.0021799739183014,0.0817763328552246,runs4\00274,random_bull
0.1284696450309148,0.0078122084863185,0.194422302707549,0.0078122084863185,0.200903046131134,runs4\00275,random_bull
0.1272191660744803,0.0063793757689475,0.1806338804739493,0.0063793757689475,0.0812852462132771,runs4\00276,random_bull
0.1253996463049025,0.0088324389723146,0.1807569622993469,0.0088324389723146,0.0602523207664489,runs4\00277,random_bull
0.1268664343016488,0.0072872197515361,0.1832813421885172,0.0072872197515361,0.0824766039848327,runs4\00278,random_bull
0.1269766688346862,0.0033316451923023,0.1974620568124871,0.0033316451923023,0.0625296513239542,runs4\00279,random_bull
0.1245424829680344,0.0030716075103628,0.1803572603634425,0.0030716075103628,0.0841667215029398,runs4\00280,random_bull
0.1281090463910784,0.0081083604812109,0.1865903258323669,0.0081083604812109,0.0621967752774556,runs4\00281,random_bull
0.1272941540027486,0.0097346927709211,0.1860224860055106,0.0097346927709211,0.0868104934692382,runs4\00282,random_bull
0.1258817854381743,0.0054469099237033,0.1801083087921142,0.0054469099237033,0.0600361029307047,runs4\00283,random_bull
0.1281167842723705,0.0049746768084532,0.1910748848548302,0.0049746768084532,0.0827991167704264,runs4\00284,random_bull
0.1297357407483187,0.0097534812774603,0.1925303254808698,0.0097534812774603,0.0673856139183044,runs4\00285,random_bull
0.1285273432731628,0.0062679099356447,0.1908603420963993,0.0062679099356447,0.0858871539433797,runs4\00286,random_bull
0.1261201381683349,0.0048135489482077,0.1837074631138851,0.0048135489482077,0.0581740299860636,runs4\00287,random_bull
0.1270326852798461,0.0027165485666715,0.1892304009404675,0.0027165485666715,0.0914613604545593,runs4\00288,random_bull
0.1295561336335681,0.0068149018477451,0.1895578742027282,0.0068149018477451,0.063185958067576,runs4\00289,random_bull
0.1274818604992282,0.0020677261887133,0.1906130790710449,0.0020677261887133,0.0953065395355224,runs4\00290,random_bull
0.1310337091747083,0.0115104235267389,0.1893498102823893,0.0115104235267389,0.0568049430847168,runs4\00291,random_bull
0.12813289211942,0.0072820953416498,0.1914631668053543,0.0072820953416498,0.9796532034873964,runs4\00292,random_bull
0.1430977799675681,0.0136577206309745,0.220637593950544,0.0136577206309745,0.0772231578826904,runs4\00293,random_bull
0.1303390321277436,0.0096961801684997,0.1878624439239501,0.0096961801684997,0.0626208146413167,runs4\00294,random_bull
0.1345887184143066,0.0086423973155251,0.2021800518035888,0.0086423973155251,0.0673933506011962,runs4\00295,random_bull
0.125256217759231,0.0043562345528254,0.1774766360010419,0.0043562345528254,0.0828224301338195,runs4\00296,random_bull
0.1253318293341274,0.0055323351771976,0.1806508558137076,0.0055323351771976,0.0843037327130635,runs4\00297,random_bull
0.1280014872550964,0.0110104542289324,0.1806344860478451,0.0110104542289324,0.0572009205818176,runs4\00298,random_bull
0.1280068940129773,0.0126941138360557,0.1829352634293692,0.0126941138360557,0.0853697896003723,runs4\00299,random_bull
0.1278378395807175,0.0085292532722328,0.1870978951454162,0.0085292532722328,0.062365965048472,runs4\00300,random_bull
0.1248157271023454,0.0034838403514613,0.1765189511435372,0.0034838403514613,0.0823755105336507,runs4\00301,random_bull
0.1278026614870344,0.0107545785305569,0.1831309265560574,0.0107545785305569,0.0824089169502258,runs4\00302,random_bull
0.129702057157244,0.006199882383668,0.1925468325614929,0.006199882383668,0.0641822775204976,runs4\00303,random_bull
0.1374883453051249,0.0107286125332563,0.2144946098327636,0.0107286125332563,0.1251218557357788,runs4\00304,random_bull
0.1297546598646375,0.0093178125707354,0.1932936798442494,0.0093178125707354,0.1417486985524495,runs4\00305,random_bull
0.1271419654021392,0.0054231116971686,0.1853509545326233,0.0054231116971686,0.1112105727195739,runs4\00306,random_bull
0.1296316915088229,0.0067526757279868,0.1905385221753801,0.0067526757279868,0.1111474712689717,runs4\00307,random_bull
0.1254707330312484,0.005369224564185,0.1843531410415451,0.005369224564185,0.2365865310033162,runs4\00308,random_bull
0.1277164589550535,0.0063063210175124,0.1908678532659121,0.0063063210175124,1.4983126481374105,runs4\00309,random_bull
0.1288236734029409,0.0080534152720923,0.1860438108444214,0.0080534152720923,0.3410803198814392,runs4\00310,random_bull
0.1291628696701743,0.00773641088532,0.1870607276295506,0.00773641088532,0.1340601881345113,runs4\00311,random_bull
0.1304240976061139,0.0133756129811614,0.1885824974845437,0.0133756129811614,0.1068634152412414,runs4\00312,random_bull
0.1297221061510917,0.0100199186855855,0.1904929489284366,0.0100199186855855,0.244465951124827,runs4\00313,random_bull
0.1296300544625236,0.0081270079648199,0.1968062617355364,0.0081270079648199,2.752007559935252,runs4\00314,random_bull
0.127304607822049,0.0068832292038425,0.184587013526041,0.0068832292038425,0.187663463751475,runs4\00315,random_bull
0.125882050086712,0.0072248681216069,0.1790079048701695,0.0072248681216069,0.0835370222727457,runs4\00316,random_bull
0.1236804212842668,0.0029408060998297,0.1763321876525879,0.0029408060998297,0.0587773958841959,runs4\00317,random_bull
0.1278566610617715,0.0069126416172694,0.183822234471639,0.0069126416172694,0.183822234471639,runs4\00318,random_bull
0.1290781048108946,0.0106987771885037,0.1861454110879164,0.0106987771885037,0.1613260229428609,runs4\00319,random_bull
0.1293743892952248,0.0094126963713014,0.1867414804605337,0.0094126963713014,0.0809213081995646,runs4\00320,random_bull
0.1288954212207987,0.0087411819730673,0.1929982450943959,0.0087411819730673,1.270571780204773,runs4\00321,random_bull
0.1282393932342529,0.0103111811314316,0.1813926185880388,0.0103111811314316,0.0846498886744181,runs4\00322,random_bull
0.1289744454045449,0.0094026241896973,0.1851049603008833,0.0094026241896973,0.1881900429725647,runs4\00323,random_bull
0.1268671298849171,0.0055194620432971,0.1791105355535234,0.0055194620432971,0.0835849165916442,runs4\00324,random_bull
0.1283926381005181,0.0077899087810701,0.1833663745359941,0.0077899087810701,0.134468674659729,runs4\00325,random_bull
0.1288303461941805,0.0094928283653093,0.1848746676777684,0.0094928283653093,0.132493511835734,runs4\00326,random_bull
0.1276710078401385,0.0066685156160555,0.187141661460583,0.0066685156160555,0.1621894399325052,runs4\00327,random_bull
0.1273816090363722,0.0088361679787912,0.1870950104354264,0.0088361679787912,0.2401052633921305,runs4\00328,random_bull
0.1293412250808522,0.0083742405009616,0.1927656668883103,0.0083742405009616,0.2505953669548034,runs4\00329,random_bull
0.1273953384823269,0.0073900344777205,0.1866943836212158,0.0073900344777205,0.1649133721987406,runs4\00330,random_bull
0.1288689298014487,0.0066148929932095,0.1944871222386594,0.0066148929932095,0.1977285742759704,runs4\00331,random_bull
0.1333639928272792,0.0096973941363283,0.202738288520039,0.0096973941363283,0.2331490317980448,runs4\00332,random_bull
0.1317897612048733,0.0064945841268786,0.199728000359457,0.0064945841268786,0.203056800365448,runs4\00333,random_bull
0.1297773550484926,0.0097388426355425,0.1934416917654184,0.0097388426355425,0.4191236654917399,runs4\00334,random_bull
0.1277814244115075,0.0044135032222786,0.1894743358387666,0.0044135032222786,0.2684219757715861,runs4\00335,random_bull
0.1275000505044426,0.0072358739543891,0.1831288712365286,0.0072358739543891,0.2136503497759501,runs4\00336,random_bull
0.1273651631152043,0.0063182511854094,0.1895861744880676,0.0063182511854094,0.1895861744880676,runs4\00337,random_bull
0.1316214761426372,0.010180211996279,0.19754885845497,0.010180211996279,0.2008413394292195,runs4\00338,random_bull
0.1284231975160796,0.0074872271979208,0.1863452451569693,0.0074872271979208,0.0869611144065856,runs4\00339,random_bull
0.1291173458099365,0.0095371948860593,0.1849929658990157,0.0095371948860593,0.0585811058680216,runs4\00340,random_bull
0.1296368141969045,0.0065502506327602,0.1944659830818713,0.0065502506327602,0.2301180799802144,runs4\00341,random_bull
0.1292147702640957,0.0047286993582978,0.1924041761478907,0.0047286993582978,0.2276782751083374,runs4\00342,random_bull
0.130419149285271,0.0071274389888155,0.1979753928270168,0.0071274389888155,0.5510315100351969,runs4\00343,random_bull
0.1281164142320741,0.0071444419606869,0.187071497623737,0.0071444419606869,0.1621286312739054,runs4\00344,random_bull
0.1275310516357422,0.006220748737885,0.1914870076709323,0.006220748737885,0.1723383069038391,runs4\00345,random_bull
0.1275285823004586,0.0067890255885776,0.1875780688391791,0.0067890255885776,0.0844101309776306,runs4\00346,random_bull
0.1270116112448952,0.0039810984885801,0.1892702667801468,0.0039810984885801,0.1703432401021321,runs4\00347,random_bull
0.1312258198576153,0.009561328438636,0.1946337039654071,0.009561328438636,0.1686825434366862,runs4\00348,random_bull
0.1262332313465622,0.0046744078149963,0.1833754273561331,0.0046744078149963,0.1589253703753153,runs4\00349,random_bull
0.1302754415406121,0.0092842688675258,0.1905713694436209,0.0092842688675258,0.1111666321754455,runs4\00350,random_bull
0.1287935068319132,0.0071098258380033,0.1913192987442016,0.0071098258380033,0.2869789481163025,runs4\00351,random_bull
0.1292673654792722,0.0082697722672548,0.194133877259567,0.0082697722672548,0.779771073659261,runs4\00352,random_bull
0.131501633545448,0.0107646439449481,0.1895882827895028,0.0107646439449481,0.0884745319684346,runs4\00353,random_bull
0.1270538859897189,0.0046691659291666,0.1845045631582086,0.0046691659291666,0.1353033463160197,runs4\00354,random_bull
0.1292476202990557,0.007829533096737,0.1929396523369683,0.007829533096737,0.1157637914021809,runs4\00355,random_bull
0.1327330218421088,0.0128271428785767,0.1981042352589694,0.0128271428785767,0.1452764391899109,runs4\00356,random_bull
0.1285216940773857,0.0075797421241317,0.1873827525547572,0.0075797421241317,0.1093066056569417,runs4\00357,random_bull
0.1289269666414003,0.003946169546832,0.1938393976953294,0.003946169546832,0.1163036386171976,runs4\00358,random_bull
0.1276474970358389,0.00676916926127,0.1901093904788677,0.00676916926127,0.082380735874176,runs4\00359,random_bull
0.1279138252139091,0.0034598464971826,0.1894119807652064,0.0034598464971826,0.1988825798034668,runs4\00360,random_bull
0.1289875552339374,0.0070776855766757,0.1900155131633465,0.0070776855766757,0.1646801114082336,runs4\00361,random_bull
0.1297748988529421,0.0066468428211293,0.1940772808515108,0.0066468428211293,0.1682003100713094,runs4\00362,random_bull
0.131509011442011,0.0135687757306587,0.194544376328934,0.0135687757306587,0.1394234697024027,runs4\00363,random_bull
0.1304619643423292,0.0102483808710958,0.1901142801557268,0.0102483808710958,0.1108999967575073,runs4\00364,random_bull
0.1295971605512831,0.0078182645985278,0.1871521881648472,0.0078182645985278,0.1091721097628275,runs4\00365,random_bull
0.1303680765217748,0.0066729380023669,0.1936989596911839,0.0066729380023669,0.0903928478558858,runs4\00366,random_bull
0.1298495005276869,0.0089639397260459,0.1958209268144659,0.0089639397260459,0.9660499056180318,runs4\00367,random_bull
0.126739663462485,0.0049661457528044,0.1844032084355588,0.0049661457528044,0.1874765952428182,runs4\00368,random_bull
0.1299137746294339,0.0076072349140039,0.1904328973669755,0.0076072349140039,0.3015187541643778,runs4\00369,random_bull
0.1286921501159668,0.007831315234545,0.1919334682763791,0.007831315234545,0.1631434480349222,runs4\00370,random_bull
0.128309797596287,0.0085982396845877,0.1848180558946397,0.0085982396845877,0.1108908335367838,runs4\00371,random_bull
0.1264876250562996,0.0053077185063335,0.182401248386928,0.0053077185063335,0.0851205825805664,runs4\00372,random_bull
0.1291375941589099,0.0060505146656793,0.1954433787221144,0.0060505146656793,0.7720013459523519,runs4\00373,random_bull
0.1284175293504699,0.0074924596185003,0.1882588764031728,0.0074924596185003,0.3765177528063456,runs4\00374,random_bull
0.1271403542271366,0.0071595805116707,0.1805987174694354,0.0071595805116707,0.0782594442367553,runs4\00375,random_bull
0.1299260096116499,0.0078453906818818,0.1870687007904052,0.0078453906818818,0.1340659022331237,runs4\00376,random_bull
0.1279403960162943,0.0064175494963697,0.1930677645547049,0.0064175494963697,0.5631143132845561,runs4\00377,random_bull
0.128046964776927,0.007590070104183,0.1842669759477888,0.007590070104183,0.0859912554423014,runs4\00378,random_bull
0.1295753671572758,0.0106413965004367,0.1916916978125478,0.0106413965004367,0.1629379431406657,runs4\00379,random_bull
0.130205145903996,0.0089922093684848,0.1886962254842122,0.0089922093684848,0.0849133014678955,runs4\00380,random_bull
0.1307141695703779,0.0140552076953983,0.1885895110942699,0.0140552076953983,0.0848652799924214,runs4\00381,random_bull
0.1291198707976431,0.0067984163197377,0.1913072404407319,0.0067984163197377,0.3347876707712809,runs4\00382,random_bull
0.1294217194829668,0.0055063821033235,0.1940446164872911,0.0055063821033235,0.087320077419281,runs4\00383,random_bull
0.1300188019162132,0.0069250477499784,0.1885682702064514,0.0069250477499784,0.0628560900688171,runs4\00384,random_bull
0.1306914514110934,0.0113369498058525,0.1881401062011718,0.0113369498058525,0.0940700531005859,runs4\00385,random_bull
0.129128990502193,0.0073372255614199,0.1875567180769784,0.0073372255614199,0.0875264684359232,runs4\00386,random_bull
0.1274894475936889,0.0037477803865707,0.1923391274043492,0.0037477803865707,0.1121978243192036,runs4\00387,random_bull
0.130384781143882,0.0075923444164059,0.1883752800169445,0.0075923444164059,0.0659313480059305,runs4\00388,random_bull
0.1287774306077223,0.0080026510730102,0.1930825599404268,0.0080026510730102,0.4151275038719177,runs4\00389,random_bull
0.1286515972831032,0.0052376792376386,0.1896334027135094,0.0052376792376386,0.1359039386113484,runs4\00390,random_bull
0.1278722788158216,0.0093243843866435,0.1873126824696858,0.0093243843866435,0.0561938047409057,runs4\00391,random_bull
0.1287746429443359,0.0072093845286376,0.1867122385236952,0.0072093845286376,0.0840205073356628,runs4\00392,random_bull
0.1303352281782362,0.0094503887268708,0.1968086042574473,0.0094503887268708,0.7347521225611369,runs4\00393,random_bull
0.1282094478607177,0.0045435961604451,0.1880830666598151,0.0045435961604451,0.1065804044405619,runs4\00394,random_bull
0.1283581733703613,0.0082432317441232,0.1866429604982075,0.0082432317441232,0.0591036041577657,runs4\00395,random_bull
0.1294909365036908,0.0068836264187973,0.195290487204025,0.0068836264187973,0.2180743773778279,runs4\00396,random_bull
0.1286538608612552,0.0088475478824343,0.1875136563035308,0.0088475478824343,0.1906388839085896,runs4\00397,random_bull
0.1285333341831783,0.0080536367574895,0.1913880570270524,0.0080536367574895,0.8835748632748922,runs4\00398,random_bull
0.1304275653731655,0.0096855716168739,0.1883396182741437,0.0096855716168739,0.2197295546531677,runs4\00399,random_bull
0.1290736018486742,0.005669512452925,0.1892597812872666,0.005669512452925,0.1640251437822977,runs4\00400,random_bull
0.1308135901178632,0.0090741904662329,0.191898504892985,0.0090741904662329,0.0863543272018432,runs4\00401,random_bull
0.1271760463714599,0.0066254574501978,0.184354689988223,0.0066254574501978,0.1351934393246968,runs4\00402,random_bull
0.1305912354249648,0.0085548776820261,0.1965450166958814,0.0085548776820261,1.1203065951665243,runs4\00403,random_bull
0.1294921816849127,0.0083393984930437,0.1907345968134263,0.0083393984930437,0.6484976291656495,runs4\00404,random_bull
0.1293702474007239,0.0095112812097014,0.186308228692343,0.0095112812097014,0.4005626916885376,runs4\00405,random_bull
0.1338454144341605,0.0073882834809042,0.1992090808020697,0.0073882834809042,0.0896440863609314,runs4\00406,random_bull
0.1282844376145747,0.007011421850341,0.1874442114549524,0.007011421850341,0.5310919324556986,runs4\00407,random_bull
0.1287280586030748,0.0047875217774839,0.1886372770581926,0.0047875217774839,0.110038411617279,runs4\00408,random_bull
0.1278262362963911,0.0070589567788923,0.185891623044536,0.0070589567788923,0.424452539285024,runs4\00409,random_bull
0.129573707255977,0.0079895398392634,0.1946278059637391,0.0079895398392634,1.9981788078943887,runs4\00410,random_bull
0.1282658485265878,0.009690898382246,0.1863447567085167,0.009690898382246,0.2391424377759297,runs4\00411,random_bull
0.1300879102200269,0.0089887660168858,0.188692781868882,0.0089887660168858,0.399399721622467,runs4\00412,random_bull
0.1295615473660555,0.0090158684760235,0.1907287453212877,0.0090158684760235,0.8709946036338806,runs4\00413,random_bull
0.129066642962004,0.0077595273133505,0.1885658767488267,0.0077595273133505,0.056569763024648,runs4\00414,random_bull
0.1273979187011718,0.0079647392950073,0.1873593763871626,0.0079647392950073,0.1373968760172526,runs4\00415,random_bull
0.126367449760437,0.0055729975624491,0.1830829249487983,0.0055729975624491,0.0823873162269592,runs4\00416,random_bull
0.1288091332413429,0.0090777766880599,0.1890314186320585,0.0090777766880599,0.2677945097287496,runs4\00417,random_bull
0.1306817531585693,0.0091251423337817,0.1902996125768442,0.0091251423337817,0.1934712727864583,runs4\00418,random_bull
0.1298676914638943,0.0085478012068474,0.1900762807239185,0.0085478012068474,0.1393892725308736,runs4\00419,random_bull
0.126006475516728,0.0038719828421792,0.1823759520495379,0.0038719828421792,0.082069178422292,runs4\00420,random_bull
0.1292307591438293,0.0073118675122186,0.1937347680480036,0.0073118675122186,0.6425536473592123,runs4\00421,random_bull
0.1296293046739366,0.0083271023374171,0.1873860521750016,0.0083271023374171,0.1374164382616678,runs4\00422,random_bull
0.1298252289945429,0.0079206351560486,0.1889219695124133,0.0079206351560486,0.2739368557929992,runs4\00423,random_bull
0.129212134176021,0.005892073965066,0.1924229117407315,0.005892073965066,0.4425726970036824,runs4\00424,random_bull
0.1302114531980546,0.0088827211775078,0.1927329288439804,0.0088827211775078,0.5717743555704753,runs4\00425,random_bull
0.128730821609497,0.006669841323489,0.1885823502260095,0.006669841323489,0.1068633317947387,runs4\00426,random_bull
0.1298669532493308,0.0099095166614656,0.1876089572906494,0.0099095166614656,0.081297214825948,runs4\00427,random_bull
0.1287052491877941,0.0055271939803921,0.1902914098239837,0.0055271939803921,0.593074893951416,runs4\00428,random_bull
0.1292573184021248,0.0072968222011051,0.1877452611923217,0.0072968222011051,0.3754905223846435,runs4\00429,random_bull
0.1265186683551685,0.0047978125124102,0.182676805390252,0.0047978125124102,0.1096060832341512,runs4\00430,random_bull
0.127884258542742,0.006603686117867,0.1855797538390526,0.006603686117867,0.3216715733210246,runs4\00431,random_bull
0.1298125602982261,0.0084634742665823,0.1882703636967858,0.0084634742665823,0.1349270939826965,runs4\00432,random_bull
0.1286630948384602,0.0048578338992002,0.1906876184723594,0.0048578338992002,0.1398375868797302,runs4\00433,random_bull
0.1312894596243804,0.0109746894709923,0.1905518449269808,0.0109746894709923,0.16514493227005,runs4\00434,random_bull
0.1306656081721467,0.0074296771315244,0.1919161769059988,0.0074296771315244,0.1663273533185323,runs4\00435,random_bull
0.1315312641007559,0.0096136530797674,0.1919855188440393,0.0096136530797674,0.0863934834798177,runs4\00436,random_bull
0.1312945093427385,0.009828581243752,0.1946394328887646,0.009828581243752,0.3373750170071919,runs4\00437,random_bull
0.1306532030791239,0.0091292847181566,0.1983017877758485,0.0091292847181566,2.525042764345805,runs4\00438,random_bull
0.1304942748185668,0.0074731014172558,0.1937561177799844,0.0074731014172558,1.5112977186838783,runs4\00439,random_bull
0.1302022362241939,0.0092797350381069,0.1904675434797238,0.0092797350381069,0.6190195163091023,runs4\00440,random_bull
0.1296319535800389,0.0057188342222853,0.1898854220354998,0.0057188342222853,0.0854484399159749,runs4\00441,random_bull
0.1285310968568053,0.0063564149095282,0.1869273399695372,0.0063564149095282,0.2430055419603983,runs4\00442,random_bull
0.1288416915469699,0.0061079436921216,0.1886049270629883,0.0061079436921216,0.1100195407867431,runs4\00443,random_bull
0.1291875033543027,0.0085909090596915,0.1879609591431087,0.0085909090596915,0.4511063019434611,runs4\00444,random_bull
0.1318886896947047,0.0089380692092004,0.1990590028595506,0.0089380692092004,0.9455302635828654,runs4\00445,random_bull
0.1308735283938321,0.0092816299083592,0.1895955065886179,0.0092816299083592,0.3791910131772359,runs4\00446,random_bull
0.12968550501643,0.0057619210229454,0.1895290083355373,0.0057619210229454,0.1137174050013224,runs4\00447,random_bull
0.1293650269508361,0.0051859589854701,0.1886977772963674,0.0051859589854701,0.0597542961438496,runs4\00448,random_bull
0.1312545085775441,0.0096538902480632,0.1874610441071646,0.0096538902480632,0.0874818205833435,runs4\00449,random_bull
0.1298918455419406,0.0081604727893812,0.1918346713372759,0.0081604727893812,0.904820199807485,runs4\00450,random_bull
0.1296343412555632,0.0092174081969823,0.1881731748580932,0.0092174081969823,0.1881731748580932,runs4\00451,random_bull
0.1298477820928584,0.010564095299214,0.190939286020067,0.010564095299214,0.572817858060201,runs4\00452,random_bull
0.1281962755954626,0.0065299512239884,0.1906953086023745,0.0065299512239884,0.7309986829757691,runs4\00453,random_bull
0.1298088284789538,0.0067282949810529,0.1893859068552653,0.0067282949810529,0.1893859068552653,runs4\00454,random_bull
0.1342305077446831,0.0103672961660387,0.1973905950784683,0.0103672961660387,0.2631874601046244,runs4\00455,random_bull
0.1327767307693894,0.0109340989811147,0.194060570663876,0.0109340989811147,0.1164363423983256,runs4\00456,random_bull
0.1313985907114469,0.0090989930754723,0.1937859613918563,0.0090989930754723,0.3326659003893534,runs4\00457,random_bull
0.1296036349739998,0.0085459302346531,0.1894441827749594,0.0085459302346531,0.4925548752148946,runs4\00458,random_bull
0.1300143520787077,0.0097265106726395,0.1873712906470665,0.0097265106726395,0.1623884518941243,runs4\00459,random_bull
0.1282322491918291,0.0067720799076091,0.1898493060359248,0.0067720799076091,0.0854321877161661,runs4\00460,random_bull
0.1297890013310967,0.008982547697352,0.1951121780850471,0.008982547697352,1.063361370563507,runs4\00461,random_bull
0.1294395287831624,0.0029065039624286,0.1888498848882214,0.0029065039624286,0.0912774443626403,runs4\00462,random_bull
0.1297179963853624,0.0072102309826227,0.1892129670489918,0.0072102309826227,0.1387561758359273,runs4\00463,random_bull
0.1305414240994899,0.0078810929075142,0.1903883754343226,0.0078810929075142,0.437893263498942,runs4\00464,random_bull
0.1308438301086426,0.0093226056758481,0.1891756304379167,0.0093226056758481,0.091434888044993,runs4\00465,random_bull
0.1330352964855375,0.0134650264356177,0.1936050176620483,0.0134650264356177,0.0645350058873494,runs4\00466,random_bull
0.1298748731613159,0.0065183610784015,0.1859886810697358,0.0065183610784015,0.0898945291837056,runs4\00467,random_bull
0.1284239456571381,0.0042727471838654,0.1881010021482195,0.0042727471838654,0.0877804676691691,runs4\00468,random_bull
0.1324225787458748,0.0121003581920723,0.1964783583368574,0.0121003581920723,0.0916899005572001,runs4\00469,random_bull
0.1318982751281173,0.0109299248209558,0.1914104200759024,0.0109299248209558,0.1690792044003804,runs4\00470,random_bull
0.1320268861178694,0.004084344541692,0.1993756634848458,0.004084344541692,0.093041976292928,runs4\00471,random_bull
0.1281664530436198,0.0039071192487343,0.1874188308058114,0.0039071192487343,0.0905857682228088,runs4\00472,random_bull
0.1311490082543743,0.008439648542042,0.1935230692227681,0.008439648542042,0.3870461384455363,runs4\00473,random_bull
0.1324371387218607,0.0082687628894208,0.1927763138498578,0.0082687628894208,0.0899622797966003,runs4\00474,random_bull
0.1304849756175074,0.0074312329710631,0.1898163471903119,0.0074312329710631,0.0885809620221455,runs4\00475,random_bull
0.1320750631135085,0.0095597831061242,0.1931843587330409,0.0095597831061242,0.0901527007420857,runs4\00476,random_bull
0.1313050818660701,0.0084673107608168,0.2005443616544819,0.0084673107608168,2.195960760116577,runs4\00477,random_bull
0.1408254067103068,0.0113356379478611,0.2143479133474415,0.0113356379478611,0.1036014914512634,runs4\00478,random_bull
0.130466361840566,0.0098569840117493,0.1887213673702506,0.0098569840117493,0.6762515664100647,runs4\00479,random_bull
0.1281073604311262,0.003963129549455,0.1882086859809028,0.003963129549455,0.0846939086914062,runs4\00480,random_bull
0.1309557039229596,0.0103369843438637,0.1905335466066996,0.0103369843438637,0.1905335466066996,runs4\00481,random_bull
0.1311383630762148,0.0090019022054948,0.1953880955049913,0.0090019022054948,1.2928178985913594,runs4\00482,random_bull
0.1250039824733027,0.0076180028551387,0.1804359601094172,0.0076180028551387,0.0781889160474141,runs4\00483,random_bull
0.1241495331128438,0.0051561537613443,0.1801422167632539,0.0051561537613443,0.1771398464838663,runs4\00484,random_bull
0.1253659067755917,0.0073499962907586,0.1832110563913981,0.0073499962907586,0.9160552819569906,runs4\00485,random_bull
0.1260440372953228,0.0071074316771668,0.1845283390271781,0.0071074316771668,0.3106227040290832,runs4\00486,random_bull
0.1263524514657479,0.0093225904768874,0.1825153735967782,0.0093225904768874,0.0790899952252705,runs4\00487,random_bull
0.1263435159410749,0.006414560484564,0.1827746910207411,0.006414560484564,0.1035723249117533,runs4\00488,random_bull
0.1243294732911246,0.0024006152213107,0.1825036561047589,0.0024006152213107,0.0821266452471415,runs4\00489,random_bull
0.1258144242422921,0.008483187375204,0.1810581543866325,0.008483187375204,0.1025996208190918,runs4\00490,random_bull
0.1254651626957116,0.0063329915624191,0.1817303471646066,0.0063329915624191,0.7148060321807861,runs4\00491,random_bull
0.1260634668265716,0.0084023216718078,0.1845005799853612,0.0084023216718078,0.9686280449231466,runs4\00492,random_bull
0.121394870155736,0.0064660709068577,0.1753759155882165,0.0064660709068577,0.2747556010882059,runs4\00495,random_bull
0.1238244207956457,0.0093134859153354,0.1773270838969462,0.0093134859153354,0.546758508682251,runs4\00496,random_bull
0.1219509336683485,0.0069568641203972,0.168953543359583,0.0069568641203972,0.1238992651303609,runs4\00497,random_bull
0.1213159124056498,0.006297648562992,0.1747090856907731,0.006297648562992,0.1717972675959269,runs4\00498,random_bull
0.1226475960394112,0.0066404852315009,0.1785057788012457,0.0066404852315009,1.451847000916799,runs4\00499,random_bull
0.1222475646198659,0.0072444285773642,0.1722096485250136,0.0072444285773642,0.1951709349950154,runs4\00500,random_bull
0.1218323843819754,0.0051584752534039,0.1718201987883623,0.0051584752534039,0.0973647793134053,runs4\00501,random_bull
0.121591533933367,0.0052137165799894,0.1718885477851419,0.0052137165799894,0.0974035104115804,runs4\00502,random_bull
0.1211239099502563,0.0012865036427718,0.1731734717333758,0.0012865036427718,0.0779280622800191,runs4\00503,random_bull
0.1221768227382679,0.0073273709449645,0.1747222304344177,0.0073273709449645,0.5824074347813925,runs4\00504,random_bull
0.1221133148859417,0.0054543117620306,0.174875783920288,0.0054543117620306,0.3643245498339335,runs4\00505,random_bull
0.121355619586882,0.0036092955717644,0.1717537323633829,0.0036092955717644,0.1717537323633829,runs4\00506,random_bull
0.1216781956808907,0.0042999392861245,0.173884069218355,0.0042999392861245,0.0985343058904012,runs4\00507,random_bull
0.1223535315537538,0.0068620636499055,0.1728721719851596,0.0068620636499055,0.8009743968645732,runs4\00508,random_bull
0.1222923736074077,0.0066226583168797,0.1743829062815462,0.0066226583168797,0.7760039329528808,runs4\00509,random_bull
0.1215719880848905,0.0046173913053029,0.1731091036516077,0.0046173913053029,0.3923806349436442,runs4\00510,random_bull
0.1228786412771646,0.0078888867332183,0.1743276276086506,0.0078888867332183,0.2208149949709574,runs4\00511,random_bull
0.1215294234892901,0.0052312314336843,0.1733527959451167,0.0052312314336843,0.4882770419120789,runs4\00512,random_bull
0.1215427138588645,0.0061131731500263,0.1723706334136253,0.0061131731500263,0.1235322872797648,runs4\00513,random_bull
0.1226429776711897,0.0061583666111433,0.1706881634024686,0.0061583666111433,0.1223265171051025,runs4\00514,random_bull
0.1224884457058376,0.007516758779121,0.1722431274560781,0.007516758779121,0.0746386885643005,runs4\00515,random_bull
0.1223828196525573,0.0062570810513589,0.1749675273895263,0.0062570810513589,0.0787353873252868,runs4\00516,random_bull
0.1214313424866775,0.004908140488443,0.1687623858451843,0.004908140488443,0.078755780061086,runs4\00517,random_bull
0.122198218204936,0.0076602716095312,0.1716112375259399,0.0076602716095312,0.1716112375259399,runs4\00518,random_bull
0.1214775221688406,0.0018240939412051,0.1753093775580911,0.0018240939412051,0.0993419806162516,runs4\00519,random_bull
0.122868503843035,0.0076768177920687,0.1714188000735114,0.0076768177920687,0.0971373200416565,runs4\00520,random_bull
0.1227490054389644,0.008200411321466,0.1757510358008785,0.008200411321466,1.0105684558550516,runs4\00521,random_bull
0.122997168132237,0.0081433425542849,0.1738616438472972,0.0081433425542849,0.098521598180135,runs4\00522,random_bull
0.12164712869204,0.0058197491585684,0.1754284559511671,0.0058197491585684,0.149114187558492,runs4\00523,random_bull
0.1213584984050077,0.0040014343289962,0.1737804043860662,0.0040014343289962,0.2432925661404927,runs4\00524,random_bull
0.1222157743242051,0.0071245916727981,0.1728499548775809,0.0071245916727981,0.1008291403452555,runs4\00525,random_bull
0.1217437055375841,0.0046659148903693,0.1703229133899395,0.0046659148903693,0.0738065958023071,runs4\00526,random_bull
0.1229454321520669,0.0070457624368045,0.1791126311092633,0.0070457624368045,0.6657019456227621,runs4\00527,random_bull
0.1232254671496014,0.0094455790937939,0.1748841546830676,0.0094455790937939,0.1224189082781473,runs4\00528,random_bull
0.1222271863151999,0.007203840106063,0.1740898518335251,0.007203840106063,0.2437257925669352,runs4\00529,random_bull
0.1222827340674212,0.0070682052813898,0.1739461194901239,0.0070682052813898,0.3652868509292603,runs4\00530,random_bull
0.1232184137616838,0.0083594171320915,0.1746130690855138,0.0083594171320915,0.0989474058151245,runs4\00531,random_bull
0.1219482019350126,0.0058221867687092,0.1729360693379452,0.0058221867687092,0.2190523544947306,runs4\00532,random_bull
0.1233538527821385,0.0093320075843311,0.1755353723253522,0.0093320075843311,0.1228747606277465,runs4\00533,random_bull
0.1224167702045846,0.0075198755183082,0.1732649726252402,0.0075198755183082,0.2685607075691223,runs4\00534,random_bull
0.1217023634141491,0.0053730100144411,0.1745838004609813,0.0053730100144411,0.2676951607068379,runs4\00535,random_bull
0.1218250808069261,0.0055081513366754,0.1757213658299939,0.0055081513366754,0.1698639869689941,runs4\00536,random_bull
0.1226045271706959,0.0075029277736434,0.1749496994018554,0.0075029277736434,0.3644785404205322,runs4\00537,random_bull
0.1222252312459443,0.0058013709926946,0.1757216548919677,0.0058013709926946,0.2196520686149597,runs4\00538,random_bull
0.1220387717088063,0.0075319744437508,0.1744580418913514,0.0075319744437508,0.4157916665077209,runs4\00539,random_bull
0.123105847990358,0.0084314475700545,0.1744749734276219,0.0084314475700545,0.2210016330083211,runs4\00540,random_bull
0.1225427707036336,0.0068301418759749,0.1747496006852489,0.0068301418759749,0.1718371073404948,runs4\00541,random_bull
0.1217642391429228,0.0027662350310644,0.1764064836502075,0.0027662350310644,0.1470054030418396,runs4\00542,random_bull
0.1223555360521589,0.0056270758829011,0.1749096688102273,0.0056270758829011,0.0991154789924621,runs4\00543,random_bull
0.1224711145673479,0.0088080035618986,0.1742553851183723,0.0088080035618986,0.0987447182337443,runs4\00544,random_bull
0.1224053578499036,0.007070022254994,0.1731304410216096,0.007070022254994,0.2221840659777323,runs4\00545,random_bull
0.1236075248037065,0.0110760522390061,0.1720329125722249,0.0110760522390061,0.0774148106575012,runs4\00546,random_bull
0.1228889051605673,0.0079583280311929,0.1758059138682351,0.0079583280311929,0.1963166038195292,runs4\00547,random_bull
0.1228282025882176,0.0081755902089566,0.1737139225006103,0.0081755902089566,0.0781712651252746,runs4\00548,random_bull
0.1218367856124351,0.0021060513394863,0.1721184764589582,0.0021060513394863,0.0803219556808471,runs4\00549,random_bull
0.1215487677475501,0.0021725462241166,0.1722454258373805,0.0021725462241166,0.0803811987241109,runs4\00550,random_bull
0.1212106919756122,0.0017827110525833,0.1782559585571289,0.0017827110525833,0.1485466321309407,runs4\00551,random_bull
0.1216620206832885,0.003453011611278,0.1758620092424295,0.003453011611278,0.1729309757550557,runs4\00552,random_bull
0.1228270610173543,0.0061934312719169,0.1747103222345901,0.0061934312719169,0.1717984835306803,runs4\00553,random_bull
0.1242434908361996,0.0092069404660133,0.1790357214031797,0.0092069404660133,0.0984696467717488,runs4\00554,random_bull
0.123099318572453,0.0082857836173332,0.1746945204558196,0.0082857836173332,0.0786125342051188,runs4\00555,random_bull
0.1232028641067184,0.0095544144242595,0.1745915966974177,0.0095544144242595,0.4132001121838887,runs4\00556,random_bull
0.1227961198580219,0.0079540173368649,0.1768554449081421,0.0079540173368649,0.7663735946019491,runs4\00557,random_bull
0.1230458327702113,0.007909545536959,0.1748843403423533,0.007909545536959,0.0991011261940002,runs4\00558,random_bull
0.122352681841169,0.0088635246432051,0.1730141569586361,0.0088635246432051,0.0980413556098938,runs4\00559,random_bull
0.1220949225955539,0.0048664628560273,0.1743723062368539,0.0048664628560273,0.0755613327026367,runs4\00560,random_bull
0.1223121711186,0.0071240855401798,0.1746557039373061,0.0071240855401798,0.0989715655644734,runs4\00561,random_bull
0.1231973264731612,0.0075017266135923,0.1766880750656128,0.0075017266135923,0.1472400625546773,runs4\00562,random_bull
0.1239038511764171,0.0088457761907057,0.1757405769257318,0.0088457761907057,0.1230184038480122,runs4\00563,random_bull
0.1224610388546246,0.0070329437680412,0.1779739201605857,0.0070329437680412,0.6585035045941671,runs4\00564,random_bull
0.1225904623667399,0.0053690545151091,0.1780976974047147,0.0053690545151091,0.0771756688753763,runs4\00565,random_bull
0.1218357597078595,0.003940170157373,0.1738909527107521,0.003940170157373,0.0782509287198384,runs4\00566,random_bull
0.1220239478272277,0.0055352707721517,0.1749262339190433,0.0055352707721517,0.2215732296307881,runs4\00567,random_bull
0.1226242598365335,0.0062014718687421,0.1757145183426993,0.0062014718687421,0.246000325679779,runs4\00568,random_bull
0.1221652665363361,0.0059730023360063,0.1768825383021913,0.0059730023360063,0.6839458147684733,runs4\00569,random_bull
0.1220686375084569,0.0050956650243059,0.1757170603825495,0.0050956650243059,0.3426482677459717,runs4\00570,random_bull
0.1235762437184651,0.0078497251021034,0.1755926730269092,0.0078497251021034,0.1726661284764607,runs4\00571,random_bull
0.1225732564926147,0.0070354568150971,0.1744078047135297,0.0070354568150971,0.1482466340065002,runs4\00572,random_bull
0.1223937300748603,0.0060332790875166,0.176316085315886,0.0060332790875166,0.1234212597211202,runs4\00573,random_bull
0.1227963539148798,0.0085892319806321,0.1751998329162597,0.0085892319806321,0.4379995822906494,runs4\00574,random_bull
0.1228733632416851,0.0074821456011017,0.1773444027370876,0.0074821456011017,0.6650415102640788,runs4\00575,random_bull
0.1232498884201049,0.0080491401351136,0.175498168271287,0.0080491401351136,0.3890209396680196,runs4\00576,random_bull
0.1216777165730794,0.0046759977613014,0.1729518450223482,0.0046759977613014,0.0749457995096842,runs4\00577,random_bull
0.1216682842799595,0.0024408568748995,0.1787596730624928,0.0024408568748995,0.1012971480687459,runs4\00578,random_bull
0.1225548936770512,0.0060372412858164,0.1763735144746069,0.0060372412858164,0.1499174873034159,runs4\00579,random_bull
0.1220993518829345,0.0044581093293105,0.175900338986598,0.0044581093293105,0.3195522824923197,runs4\00580,random_bull
0.1226838947436131,0.0074175717640755,0.1774002092855948,0.0074175717640755,0.3193203767140706,runs4\00581,random_bull
0.1224725014955094,0.0070429673175161,0.1733919685962153,0.0070429673175161,0.2947663466135661,runs4\00582,random_bull
0.121722413943364,0.0034132087569803,0.1749661296021704,0.0034132087569803,0.1487212101618449,runs4\00583,random_bull
0.1228614591416858,0.0072888348066927,0.1753368149260561,0.0072888348066927,0.4880208015441895,runs4\00584,random_bull
0.122402836438332,0.0053335663627473,0.1788756063539688,0.0053335663627473,0.8705279509226481,runs4\00585,random_bull
0.1229589306391202,0.0080287661274998,0.1741804375368006,0.0080287661274998,0.1480533719062805,runs4\00586,random_bull
0.1222518500159768,0.005712747413463,0.174893455845969,0.005712747413463,0.2448508381843566,runs4\00587,random_bull
0.1225668603181839,0.0064105039376639,0.178786187542411,0.0064105039376639,1.1889281471570332,runs4\00588,random_bull
0.1229115554264613,0.0075009693276614,0.1729306683820836,0.0075009693276614,0.097994045416514,runs4\00589,random_bull
0.123075981573625,0.0088059504510135,0.1755911822712749,0.0088059504510135,0.3189906477928161,runs4\00590,random_bull
0.1214523315429687,0.0019925353033776,0.1757384581999345,0.0019925353033776,0.3221871733665466,runs4\00591,random_bull
0.1229421327698905,0.0070852373698096,0.1740299646671001,0.0070852373698096,0.1508259693781534,runs4\00592,random_bull
0.1236046397167703,0.0093377052041558,0.1749740874066072,0.0093377052041558,0.1983039657274882,runs4\00593,random_bull
0.1224640220790714,0.0055850343791682,0.1775602666955245,0.0055850343791682,0.2249096711476644,runs4\00594,random_bull
0.1226817215338231,0.0074250938179375,0.1783857679871655,0.0074250938179375,1.1238303383191426,runs4\00595,random_bull
0.1234064306531633,0.0097481806394683,0.1733933757333194,0.0097481806394683,0.098256246248881,runs4\00596,random_bull
0.1224138907023838,0.0073375369414719,0.1748311334027501,0.0073375369414719,0.4866133213043213,runs4\00597,random_bull
0.1235379219055175,0.0102194772908921,0.1727022142971263,0.0102194772908921,0.0978645881017049,runs4\00598,random_bull
0.1222641901536421,0.0065088545514732,0.1722709411068966,0.0065088545514732,0.2182098587354024,runs4\00599,random_bull
0.1215655803680419,0.0051694127488868,0.1753888792461819,0.0051694127488868,0.3156999826431274,runs4\00600,random_bull
0.1210468224116734,0.0033923704529065,0.1709706362556008,0.0033923704529065,0.0968833605448405,runs4\00601,random_bull
0.1207825473097504,0.0031048108663025,0.1717577338218689,0.0031048108663025,0.1717577338218689,runs4\00602,random_bull
0.1219028830528259,0.0078311047073835,0.1707530566624232,0.0078311047073835,0.0996059497197469,runs4\00603,random_bull
0.1228379081277286,0.0090998681478786,0.1751475095748901,0.0090998681478786,0.1459562579790751,runs4\00604,random_bull
0.1212348192930221,0.0033217610070013,0.1730053030599759,0.0033217610070013,0.3661945581436157,runs4\00605,random_bull
0.1213910334450858,0.0048611450508238,0.1758431648385935,0.0048611450508238,0.5099451780319214,runs4\00606,random_bull
0.1222430344285636,0.0050359818727587,0.1681789244924272,0.0050359818727587,0.078483498096466,runs4\00607,random_bull
0.1228960241590227,0.0077060591104429,0.1727900294696583,0.0077060591104429,0.0979143500328064,runs4\00608,random_bull
0.1237008894904185,0.009680741486895,0.1755746356372175,0.009680741486895,0.1697221477826436,runs4\00609,random_bull
0.1221946044401689,0.0064429730738719,0.1718877415324366,0.0064429730738719,0.1231862147649129,runs4\00610,random_bull
0.1229092936584915,0.0086352184035138,0.171708601362565,0.0086352184035138,0.1946030815442403,runs4\00611,random_bull
0.1220035653014283,0.0054173530074611,0.1742191012476531,0.0054173530074611,0.4123185396194458,runs4\00612,random_bull
0.1230046936109954,0.0091228011067607,0.1748713588714599,0.0091228011067607,0.1457261323928833,runs4\00613,random_bull
0.1225086775693026,0.0069781663438217,0.1720343966816747,0.0069781663438217,0.1232913176218668,runs4\00614,random_bull
0.1210173794201442,0.0015926561758322,0.1726416040349889,0.0015926561758322,0.077688721815745,runs4\00615,random_bull
0.1217519996363088,0.0054520048457194,0.1739679729496991,0.0054520048457194,0.3131423513094584,runs4\00616,random_bull
0.1211869963284196,0.0015721042949046,0.1690459166254316,0.0015721042949046,0.0788880944252014,runs4\00617,random_bull
0.1225763940811157,0.00689686315231,0.1795865335890618,0.00689686315231,1.942527671655019,runs4\00618,random_bull
0.1214045314561753,0.0053186097248888,0.1730914894803111,0.0053186097248888,0.7240993976593018,runs4\00619,random_bull
0.1224704169564777,0.0087452084895569,0.1734789834989534,0.0087452084895569,0.413458244005839,runs4\00620,random_bull
0.1218377079550675,0.0061921814614664,0.1741843507403419,0.0061921814614664,0.365787136554718,runs4\00621,random_bull
0.1226346633013557,0.0083486605950219,0.1737264479909624,0.0083486605950219,0.2432170271873474,runs4\00622,random_bull
0.1211744935888993,0.0044962662726583,0.1715468371168096,0.0044962662726583,0.2687567114830017,runs4\00623,random_bull
0.1228115932614195,0.0085048882344697,0.1756264352798462,0.0085048882344697,0.1463553627332051,runs4\00624,random_bull
0.1217427070324237,0.0072188082274351,0.1720873069763183,0.0072188082274351,0.0717030445734659,runs4\00625,random_bull
0.1216860238243551,0.0040742325920273,0.1729166941209272,0.0040742325920273,0.09510418176651,runs4\00626,random_bull
0.1215248758142644,0.0061470124093154,0.1731595272241636,0.0061470124093154,0.1240976611773173,runs4\00627,random_bull
0.1218033030226423,0.0062826061840921,0.1732458678158846,0.0062826061840921,0.3176174243291219,runs4\00628,random_bull
0.1223810978655545,0.0088969388065114,0.1707944411497849,0.0088969388065114,0.1480218489964803,runs4\00629,random_bull
0.1228667440868559,0.0086282234255132,0.1772000149982731,0.0086282234255132,0.1210866769154866,runs4\00630,random_bull
0.1217946476406521,0.0078731043390086,0.1709438119615827,0.0078731043390086,0.0997172236442565,runs4\00631,random_bull
0.1231854581832885,0.0091398578573121,0.1758824671157682,0.0091398578573121,0.2902060707410177,runs4\00632,random_bull
0.4126739766862657,0.0335699248541538,0.4899366199970245,0.0335699248541538,0.0653248826662699,runs5\00000,tflite-ensemble
0.2909528698240007,0.0196553961353909,0.3413392580472506,0.0196553961353909,0.0739568392435709,runs5\00001,tflite-ensemble
0.29074519872665405,0.04175635545854501,0.34570466844659103,0.04175635545854501,0.10947314500808716,runs5\00000,tflite-ensemble
0.26647310256958007,0.03392805682868022,0.3161377566201346,0.03392805682868022,0.07376547654469807,runs5\00001,tflite-ensemble
0.31971402521486636,0.048983245165334824,0.38425024646393796,0.048983245165334824,1.2039841055870055,runs5\00002,tflite-ensemble
0.28176870942115784,0.018071679022559788,0.3367877791199503,0.018071679022559788,0.4434372425079346,runs5\00003,tflite-ensemble
